Country Name,Country Code,Region,Sub-region,Indicator Name,Indicator Code,1960,1961,1962,1963,1964,1965,1966,1967,1968,1969,1970,1971,1972,1973,1974,1975,1976,1977,1978,1979,1980,1981,1982,1983,1984,1985,1986,1987,1988,1989,1990,1991,1992,1993,1994,1995,1996,1997,1998,1999,2000,2001,2002,2003,2004,2005,2006,2007,2008,2009,2010,2011,2012,2013,2014,2015,2016,2017,2018,2019,2020,2021,2022,2023,2024,2025
Aruba,ABW,America,Latin America,"Life expectancy at birth, female (years)",SP.DYN.LE00.FE.IN,67.459,67.394,67.922,68.389,68.902,69.319,69.789,70.144,70.542,70.918,71.281,71.643,72.324,73.009,73.432,73.832,73.991,74.119,74.227,74.349,74.419,74.846,74.942,75.038,75.14,75.225,75.282,75.647,75.692,75.701,75.701,75.697,75.7,75.714,75.731,75.753,75.768,75.787,75.823,75.573,75.651,75.758,75.825,75.898,75.872,75.992,76.109,76.252,76.404,76.64,77.57,77.709,77.899,77.961,78.124,78.139,78.203,78.25,78.708,78.814,78.333,76.417,78.691,78.779,78.918,
Argentina,ARG,America,Latin America,"Life expectancy at birth, female (years)",SP.DYN.LE00.FE.IN,67.789,68.236,68.282,68.575,68.537,68.819,69.095,69.288,69.193,69.133,69.564,69.417,69.764,70.087,70.371,70.913,70.983,71.559,71.708,72.001,72.047,72.436,72.557,72.706,72.778,73.402,73.81,74.219,74.623,75.039,74.878,75.344,75.496,75.707,75.909,76.17,76.433,76.838,76.876,77.075,77.288,77.642,77.911,77.808,78.177,78.632,78.437,77.925,78.577,78.593,78.732,79.402,78.672,78.623,79.15,79.795,79.131,79.204,79.505,79.439,78.783,76.86,78.318,79.875,80.02,
Antigua and Barbuda,ATG,America,Latin America,"Life expectancy at birth, female (years)",SP.DYN.LE00.FE.IN,64.755,65.52,66.232,67.002,67.786,68.584,69.353,70.093,70.778,71.397,71.966,72.487,72.957,73.374,73.777,74.145,74.502,74.883,75.262,75.595,75.853,76.05,76.237,76.381,76.499,76.573,76.603,76.59,76.532,76.328,76.338,76.22,76.128,76.168,76.347,76.526,76.949,77.304,77.517,77.864,78.295,78.592,78.519,78.276,78.179,78.298,78.575,78.817,79.165,79.509,79.879,80.234,80.379,80.325,80.138,79.973,79.923,79.88,79.887,79.844,79.813,79.757,80.154,80.294,80.446,
"Bahamas, The",BHS,America,Latin America,"Life expectancy at birth, female (years)",SP.DYN.LE00.FE.IN,65.382,65.76,66.143,66.522,66.93,67.356,67.634,68.082,68.442,68.83,69.225,69.58,69.875,70.234,70.665,71.217,71.642,71.938,72.145,72.34,72.555,72.837,73.171,73.536,73.794,73.972,74.057,74.147,74.256,74.433,74.634,74.826,74.913,75.046,75.099,75.147,75.219,75.332,75.478,75.666,75.899,76.121,76.35,76.538,76.542,76.767,76.873,76.939,77.008,77.061,77.05,77.151,77.301,77.586,77.749,77.443,77.757,77.725,77.731,74.176,76.788,74.145,78.09,78.187,78.327,
Belize,BLZ,America,Latin America,"Life expectancy at birth, female (years)",SP.DYN.LE00.FE.IN,59.542,53.689,60.722,61.175,61.583,62.022,62.546,63.122,63.711,64.268,64.846,65.363,65.831,66.365,66.88,67.406,67.843,68.266,68.436,68.762,68.891,69.02,69.186,69.502,69.957,70.415,70.912,71.344,71.633,71.785,71.82,71.886,71.836,71.864,71.877,71.854,71.821,71.728,71.522,71.668,71.627,71.66,72.364,72.599,72.954,73.042,73.233,73.359,73.376,73.584,73.715,73.874,74.142,74.34,74.552,74.803,74.986,75.217,75.45,75.668,74.463,73.796,75.104,76.495,76.663,
Bermuda,BMU,America,North America,"Life expectancy at birth, female (years)",SP.DYN.LE00.FE.IN,69.567,70.699,71.03,70.886,70.776,71.002,71.297,71.545,71.964,72.344,72.788,73.264,73.787,74.285,74.641,75.015,75.359,75.772,76.132,76.544,76.844,77.141,77.386,77.652,77.783,77.857,77.915,77.975,77.994,78.043,78.091,78.168,78.366,78.703,79.392,80.179,80.728,81.047,81.401,81.876,82.221,82.443,82.61,82.533,83.052,83.264,83.42,83.526,83.572,83.64,83.835,84.138,84.353,84.439,84.535,84.543,84.562,84.647,84.842,85.033,85.195,85.385,85.566,85.742,85.871,
Bolivia,BOL,America,Latin America,"Life expectancy at birth, female (years)",SP.DYN.LE00.FE.IN,45.562,45.838,46.162,46.496,46.838,47.263,47.682,48.064,48.49,48.769,49.189,49.52,49.741,50.199,50.601,51.18,51.756,52.151,52.493,52.952,53.397,53.794,53.979,54.355,54.91,55.234,55.691,56.37,56.991,57.714,58.379,59.025,59.597,60.394,61.132,61.722,62.21,62.668,63.2,63.709,64.14,64.74,65.377,65.782,66.134,66.523,66.825,67.303,67.636,67.964,68.323,68.588,68.879,69.105,69.3,69.552,69.757,69.951,70.132,70.266,67.126,65.25,70.255,71.145,71.324,
Brazil,BRA,America,Latin America,"Life expectancy at birth, female (years)",SP.DYN.LE00.FE.IN,55.509,55.954,56.397,56.857,57.281,57.709,58.102,58.497,58.958,59.395,59.837,60.289,60.761,61.172,61.541,61.987,62.405,62.83,63.275,63.73,64.195,64.656,65.121,65.572,65.997,66.441,66.869,67.286,67.734,68.221,68.706,69.187,69.667,70.108,70.527,70.947,71.367,71.779,72.152,72.546,72.96,73.4,73.843,74.337,74.824,75.292,75.744,76.191,76.585,76.93,77.257,77.532,77.816,78.062,78.273,78.472,78.539,78.781,78.977,79.023,77.599,76.401,78.094,78.983,79.145,
Barbados,BRB,America,Latin America,"Life expectancy at birth, female (years)",SP.DYN.LE00.FE.IN,65.451,66.664,67.303,67.756,68.138,68.739,69.177,69.542,69.766,70.118,70.182,70.575,70.928,71.07,71.323,71.617,71.948,72.508,73.038,73.388,73.897,74.281,74.67,74.931,75.127,75.143,75.316,75.489,75.57,75.564,75.754,75.891,76.066,76.3,76.427,76.616,76.804,76.775,77.134,77.225,77.018,76.983,76.99,77.036,77.295,77.184,77.229,77.513,77.537,77.728,77.642,77.752,77.86,77.952,78.055,78.157,78.271,78.296,78.427,78.536,78.649,78.72,78.274,78.615,78.763,
Canada,CAN,America,North America,"Life expectancy at birth, female (years)",SP.DYN.LE00.FE.IN,74.15,74.45,74.43,74.5,75.08,75.14,75.39,75.66,75.78,76.01,76.25,76.63,76.55,76.83,76.91,77.23,77.59,77.97,78.32,78.59,78.79,79.16,79.29,79.61,79.82,79.8,79.87,80.19,80.27,80.49,80.73,80.81,81.07,80.86,80.95,81.03,81.15,81.25,81.41,81.61,81.82,82,82.02,82.23,82.42,82.52,82.91,82.91,83.05,83.33,83.54,83.68,83.82,83.85,83.91,83.89,84.04,84,83.96,84.32,83.84,83.91,83.41,83.88,84.29,
Chile,CHL,America,Latin America,"Life expectancy at birth, female (years)",SP.DYN.LE00.FE.IN,59.776,59.964,60.502,61.151,61.615,62.328,63.218,63.947,64.62,65.297,65.678,66.231,66.931,67.684,68.249,69.207,69.867,70.615,71.176,71.994,72.659,73.036,73.63,74.155,74.651,74.891,75.211,75.552,75.948,76.265,76.837,77.253,77.526,77.807,78.095,78.432,78.626,78.908,79.365,79.776,80.149,80.567,80.905,80.758,81.103,81.262,81.205,81.252,81.292,81.299,81.536,81.543,81.508,81.763,81.983,82.297,82.549,82.783,82.776,82.549,82.031,81.486,81.566,83.084,83.228,
Colombia,COL,America,Latin America,"Life expectancy at birth, female (years)",SP.DYN.LE00.FE.IN,58.459,59.028,59.518,60.04,60.514,60.963,61.414,61.872,62.336,62.873,63.39,64.009,64.604,65.166,65.769,66.388,67.11,67.79,68.508,68.984,69.601,70.185,70.87,71.211,71.508,68.519,71.905,71.999,72.323,72.782,73.109,73.365,73.499,73.67,73.845,74.079,74.456,74.87,75.171,75.175,75.289,75.526,75.789,76.293,76.589,76.837,77.093,77.284,77.663,77.866,78.189,78.405,78.781,78.893,78.924,78.988,79.154,79.334,79.517,79.695,78.23,76.349,79.471,80.452,80.613,
Costa Rica,CRI,America,Latin America,"Life expectancy at birth, female (years)",SP.DYN.LE00.FE.IN,64.787,65.111,65.579,65.794,65.959,66.222,66.593,67.127,67.243,67.884,68.398,69.094,69.731,70.557,71.367,72.322,73.141,73.788,74.458,74.93,75.36,75.687,76.055,76.305,76.747,76.887,77.154,77.501,77.874,78.131,78.485,78.641,78.765,78.67,78.733,78.891,78.879,79.147,79.451,79.666,79.874,80.2,80.442,80.687,81.053,81.407,81.658,81.804,81.901,82.053,82.039,82.213,82.476,82.8,82.86,83.28,82.69,82.662,82.961,82.963,82.754,81.208,82.197,83.42,83.575,
Cuba,CUB,America,Latin America,"Life expectancy at birth, female (years)",SP.DYN.LE00.FE.IN,65.53,66.088,66.711,66.521,67.445,67.64,67.934,68.357,68.766,69.218,69.651,70.125,70.601,71.074,71.546,71.998,72.446,72.933,73.633,74.222,74.851,75.145,75.671,75.695,75.477,75.33,75.426,75.706,75.789,75.795,75.892,75.81,75.901,76.012,76.253,76.476,76.76,77.222,77.666,78.047,78.13,78.587,78.878,79.605,79.572,79.819,79.635,79.658,79.658,79.591,79.885,80.061,80.221,80.13,79.981,79.986,79.952,79.791,79.899,79.913,79.939,75.966,80.098,80.52,80.682,
Curacao,CUW,America,Latin America,"Life expectancy at birth, female (years)",SP.DYN.LE00.FE.IN,67.354,67.684,68,68.313,68.622,68.921,69.212,69.533,69.812,70.116,70.445,70.777,71.094,71.405,71.74,72.026,72.315,72.581,72.804,73.108,73.365,73.607,73.804,73.996,74.175,74.32,74.459,74.624,74.726,74.596,74.952,75.075,75.229,75.295,75.439,75.514,75.68,75.825,75.918,76.06,76.21,76.306,76.45,76.601,76.755,76.907,77.06,77.21,77.367,77.535,78.368,79.066,79.457,79.787,80.051,80.337,80.37,80.442,80.507,80.573,80.606,79.709,80.763,80.823,80.962,
Cayman Islands,CYM,America,Latin America,"Life expectancy at birth, female (years)",SP.DYN.LE00.FE.IN,60.814,61.481,62.155,62.862,63.528,64.215,65.048,65.339,65.617,65.928,66.314,66.785,67.343,67.972,68.656,69.313,69.92,70.501,71.023,71.535,72.061,72.54,73.016,73.46,73.75,74.109,74.422,74.695,74.932,75.147,75.352,75.561,75.781,76.011,76.255,76.55,76.719,76.908,77.064,77.169,77.238,77.284,77.315,77.357,77.278,77.618,77.766,77.888,78.076,78.303,78.662,79.087,79.587,80.201,80.403,80.627,80.857,81.075,81.291,81.568,81.825,81.91,82.504,82.867,83.004,
Dominica,DMA,America,Latin America,"Life expectancy at birth, female (years)",SP.DYN.LE00.FE.IN,61.3,62.258,63.274,64.171,64.971,65.635,66.219,66.594,66.936,67.3,67.831,68.477,69.332,70.104,70.704,71.203,71.543,71.804,72.133,70.736,72.759,73.112,73.337,73.652,73.734,74.139,74.275,74.24,73.984,73.713,73.478,73.283,73.363,73.529,73.695,73.722,73.936,74.033,74.155,74.295,74.462,74.617,74.692,74.688,74.742,74.787,74.789,74.717,74.837,74.755,74.6,74.416,74.212,74.009,73.95,72.395,74.103,70.937,74.421,74.508,74.591,73.033,74.572,74.545,74.718,
Dominican Republic,DOM,America,Latin America,"Life expectancy at birth, female (years)",SP.DYN.LE00.FE.IN,53.305,54.072,54.842,55.362,56.333,56.789,57.688,58.415,59.091,59.73,60.366,60.985,61.574,62.138,62.694,63.214,63.728,64.228,64.684,64.335,65.474,65.885,66.332,66.823,67.409,67.979,68.527,69.062,69.602,70.134,70.671,71.178,71.633,72.024,72.368,72.633,72.868,73.108,73.159,73.531,73.754,73.948,74.083,74.149,73.877,74.033,73.888,73.925,74.368,74.945,75.68,76.379,76.708,76.826,76.756,76.376,76.516,76.776,76.936,76.448,76.717,75.449,77.914,76.975,77.105,
Ecuador,ECU,America,Latin America,"Life expectancy at birth, female (years)",SP.DYN.LE00.FE.IN,55.336,56.072,56.782,57.494,58.204,58.84,59.349,59.858,60.327,60.655,61.277,61.814,62.324,62.85,63.219,63.584,63.896,64.436,64.904,65.362,65.837,66.323,66.782,67.176,67.726,68.156,68.691,69.202,69.73,70.605,71.398,72.142,72.6,73.245,74.111,74.717,75.121,75.346,75.132,75.075,75.161,75.667,76.27,76.784,77.094,77.131,77.222,77.415,77.916,78.071,78.261,78.127,78.257,78.422,78.618,78.621,78.436,78.589,79.877,79.975,75.876,76.007,79.473,80.139,80.305,
Grenada,GRD,America,Latin America,"Life expectancy at birth, female (years)",SP.DYN.LE00.FE.IN,64.608,65.081,65.353,65.425,65.927,66.547,67.446,68.316,68.88,69.094,69.115,69.199,69.464,69.797,70.037,70.096,70.022,69.953,69.97,70.094,70.311,70.59,70.89,70.71,71.508,71.817,72.12,72.412,72.696,72.973,73.252,73.538,73.84,74.16,74.484,74.794,75.076,75.313,75.494,75.631,75.743,75.853,75.981,76.147,74.984,76.566,76.785,76.992,77.176,77.332,77.462,77.573,77.67,77.763,77.859,77.956,78.044,78.117,78.168,78.194,78.207,77.533,78.269,78.359,78.504,
Guatemala,GTM,America,Latin America,"Life expectancy at birth, female (years)",SP.DYN.LE00.FE.IN,45.907,46.305,46.76,47.092,47.649,47.93,48.467,48.77,49.013,48.952,50.068,51.981,53.594,54.613,54.874,54.675,48.527,57.312,59.04,59.59,59.307,59.589,55.642,60.731,61.61,62.428,63.139,63.731,64.231,64.508,64.639,64.883,65.007,65.391,66.165,66.896,67.782,68.584,69.253,69.884,70.332,70.644,71.099,71.398,71.538,71.339,72.028,72.485,72.662,72.781,72.841,73.154,73.472,73.577,73.625,73.555,73.818,74.108,73.817,74.018,73.169,70.963,73.719,74.877,75.043,
Guyana,GUY,America,Latin America,"Life expectancy at birth, female (years)",SP.DYN.LE00.FE.IN,60.104,60.541,60.908,61.24,61.52,61.615,61.814,61.972,62.129,62.273,62.406,62.528,62.624,62.724,62.81,62.895,62.982,63.145,63.254,63.363,63.425,63.555,63.677,63.847,63.98,64.123,64.233,64.447,64.632,64.842,65.073,65.315,65.922,66.055,66.086,65.805,65.984,66.319,66.898,67.181,67.486,67.837,67.51,67.48,67.736,67.704,68.032,68.689,68.979,69.349,69.672,70.035,70.061,70.499,71.173,71.527,71.897,72.369,72.615,72.848,71.884,67.975,73.672,73.944,74.091,
Honduras,HND,America,Latin America,"Life expectancy at birth, female (years)",SP.DYN.LE00.FE.IN,48.69,49.23,50.181,50.96,51.811,52.576,53.352,54.092,54.807,55.455,56.134,56.793,57.498,56.094,53.26,59.348,60.059,60.532,61.077,61.653,62.254,63.036,63.885,64.871,65.219,65.436,65.821,66.222,66.537,66.89,67.294,67.666,68.032,68.287,68.738,69.114,69.46,69.733,63.23,70.224,70.532,70.732,70.953,71.146,71.337,71.493,71.714,71.886,72.011,72.174,72.149,72.552,72.912,73.242,73.527,73.827,74.155,74.385,74.6,74.726,73.814,72.175,75.345,75.501,75.67,
Haiti,HTI,America,Latin America,"Life expectancy at birth, female (years)",SP.DYN.LE00.FE.IN,45.62,45.972,46.312,44.333,46.953,47.331,47.464,48.015,48.363,48.705,49.029,49.332,49.579,49.85,50.074,50.304,50.501,50.698,50.893,51.086,51.228,51.514,51.775,52.079,52.394,52.737,53.041,53.407,53.724,54.073,54.421,54.816,55.279,55.751,55.963,56.94,57.537,58.165,58.695,59.342,59.867,60.361,60.878,61.377,60.419,62.465,63.012,63.42,63.642,64.079,45.679,64.015,64.786,65.223,65.625,65.935,66.053,66.688,66.988,67.29,67.03,65.712,67.228,68.3,68.487,
Jamaica,JAM,America,Latin America,"Life expectancy at birth, female (years)",SP.DYN.LE00.FE.IN,65.483,65.935,66.278,66.672,67.037,67.406,67.73,67.89,68.238,68.49,68.728,69.023,69.329,69.604,69.874,70.098,70.309,70.413,70.518,70.524,70.642,70.677,70.691,70.989,71.152,71.381,71.594,71.939,72.154,72.503,72.709,72.847,72.946,72.984,72.933,72.897,72.811,72.808,72.856,72.956,73.104,73.217,73.46,73.713,73.793,73.956,73.952,74.065,74.158,74.311,74.44,74.579,74.602,74.536,74.441,74.332,74.233,74.14,74.038,74.008,74.014,71.477,73.979,73.994,74.146,
St. Kitts and Nevis,KNA,America,Latin America,"Life expectancy at birth, female (years)",SP.DYN.LE00.FE.IN,59.138,59.745,60.266,60.879,61.506,62.066,62.565,62.916,63.155,63.428,63.745,64.258,64.793,65.328,65.764,66.101,66.414,66.662,66.66,66.81,66.985,67.143,67.389,67.645,67.99,68.142,68.091,67.854,67.58,67.512,67.842,68.38,69.022,69.58,69.836,69.975,70.142,70.433,70.498,71.583,72.306,73.01,73.507,73.987,74.268,74.428,74.628,74.722,74.713,74.714,74.718,74.72,74.774,74.859,74.959,75.091,75.173,75.264,75.327,75.476,75.384,73.172,74.2,76.023,76.156,
St. Lucia,LCA,America,Latin America,"Life expectancy at birth, female (years)",SP.DYN.LE00.FE.IN,59.646,61.036,61.816,62.438,63.231,63.758,64.327,64.918,65.408,65.783,66.13,66.402,66.664,66.329,67.356,68.204,68.778,69.791,69.791,69.591,69.639,70.714,70.815,71.87,72.896,72.978,72.92,72.117,71.975,72.349,72.151,72.541,73.474,73.647,73.55,73.665,72.965,72.156,71.996,72.461,73.042,74.086,74.79,75.31,75.576,75.682,75.92,75.887,75.92,76.127,75.629,75.613,75.434,75.569,75.833,76.042,75.87,76.156,76.271,76.089,76.195,72.917,76.304,76.304,76.45,
St. Martin (French part),MAF,America,Latin America,"Life expectancy at birth, female (years)",SP.DYN.LE00.FE.IN,71.261,71.576,71.903,72.267,72.649,73.096,73.607,74.107,74.569,75.007,75.44,75.781,76.071,76.307,76.486,76.625,76.739,76.831,76.935,77.051,77.181,77.318,77.463,77.597,77.734,77.869,78.016,78.182,78.368,78.553,78.746,78.943,79.115,79.292,79.482,79.684,79.892,80.127,80.369,80.597,80.806,80.998,81.177,81.35,81.521,81.692,81.858,82.04,82.216,82.376,82.572,82.798,82.993,83.197,83.432,83.588,83.701,82.251,83.849,83.843,83.851,83.85,83.845,83.839,83.963,
Mexico,MEX,America,Latin America,"Life expectancy at birth, female (years)",SP.DYN.LE00.FE.IN,55.293,55.894,56.54,57.047,57.712,58.665,59.36,60.256,60.417,60.572,60.845,61.395,62.061,62.788,63.624,64.522,65.193,65.865,66.478,67.068,67.622,68.127,68.622,69.035,69.392,69.898,70.441,70.962,71.329,71.64,72.025,72.373,72.642,72.905,73.152,73.468,73.742,74.085,74.358,74.708,74.972,75.24,75.382,75.548,75.664,75.877,76.025,76.144,76.119,76.135,76.293,76.524,76.727,76.819,76.886,76.929,76.962,76.972,77.13,77.422,74.109,73.352,76.966,77.811,77.999,
Nicaragua,NIC,America,Latin America,"Life expectancy at birth, female (years)",SP.DYN.LE00.FE.IN,47.807,48.703,49.425,50.237,51.146,52.667,54.045,55.252,55.775,56.285,56.787,57.224,49.759,58.154,58.611,59.102,59.594,60.13,59.448,59.713,62.041,62.564,62.969,63.159,63.358,63.662,64.083,64.369,64.923,65.612,66.072,66.56,66.839,67.222,67.645,67.922,68.233,68.547,66.672,68.921,69.384,70.054,70.991,71.774,72.523,73.398,73.957,74.173,74.342,74.496,74.684,75.036,75.381,75.507,75.564,75.642,75.845,75.98,76.628,76.416,74.03,73.446,76.935,77.418,77.577,
Panama,PAN,America,Latin America,"Life expectancy at birth, female (years)",SP.DYN.LE00.FE.IN,61.332,62.076,62.651,63.082,63.429,63.726,64.006,64.259,64.593,65.039,65.542,66.311,66.918,67.723,68.554,69.448,70.131,70.692,71.135,71.592,71.957,72.424,72.496,72.813,73.104,73.236,73.474,73.6,73.816,73.715,74.312,74.44,74.757,75.106,75.303,75.385,75.674,75.943,76.173,76.372,76.697,77.073,77.402,77.775,78.052,78.401,78.73,79.018,79.347,79.76,79.934,80.177,80.308,80.355,80.685,80.609,80.911,80.866,81.412,81.567,79.822,80.256,82.313,82.557,82.707,
Peru,PER,America,Latin America,"Life expectancy at birth, female (years)",SP.DYN.LE00.FE.IN,52.134,52.68,52.983,54.147,54.919,55.539,56.078,56.616,57.186,57.652,48.354,58.284,58.74,58.989,59.374,59.742,60.067,60.415,60.874,61.388,61.853,62.281,62.619,63.044,63.586,64.033,64.473,64.9,65.373,65.885,66.359,66.546,67.295,67.826,68.399,68.927,69.445,69.913,70.372,71,71.558,72.113,72.748,73.331,73.674,74.24,74.611,74.94,75.07,74.962,75.234,75.572,76.278,76.922,77.576,78.028,78.209,78.264,78.259,78.576,77.976,74.714,78.726,80.123,80.3,
Puerto Rico (US),PRI,America,Latin America,"Life expectancy at birth, female (years)",SP.DYN.LE00.FE.IN,71.01,70.582,71.361,71.67,71.154,72.393,72.933,73.688,73.787,73.018,73.144,74.421,74.027,74.332,74.734,75.56,75.773,75.899,76.442,76.389,76.687,76.865,76.429,77.069,76.903,76.286,77.301,77.408,77.1,75.487,76.217,78.208,77.925,78.039,78.194,78.282,78.403,78.835,79.048,79.123,79.278,79.867,80.512,80.471,80.462,80.267,81.106,81.384,81.516,82.011,82.179,82.383,82.651,83.53,83.539,84.04,83.803,82.225,84.616,85.14,83.951,83.821,83.58,85.243,85.376,
Paraguay,PRY,America,Latin America,"Life expectancy at birth, female (years)",SP.DYN.LE00.FE.IN,62.637,62.935,63.204,63.452,63.67,63.841,63.991,64.108,64.218,64.325,64.425,64.533,64.631,64.745,64.875,65.047,65.235,65.427,65.633,65.853,66.098,66.343,66.598,66.811,67.131,67.415,67.696,67.981,68.267,68.695,69.184,69.648,69.962,70.271,70.579,70.9,71.224,71.474,71.715,71.986,72.273,72.559,72.864,73.16,73.454,73.744,74.033,74.33,74.625,74.939,75.257,75.536,75.944,76.233,76.445,76.517,76.599,76.648,76.745,76.796,76.063,71.335,75.414,76.953,77.09,
El Salvador,SLV,America,Latin America,"Life expectancy at birth, female (years)",SP.DYN.LE00.FE.IN,50.351,50.726,51.131,51.547,51.954,52.435,52.88,53.091,53.216,53.717,53.966,54.474,55.153,55.96,56.52,56.9,58.279,58.619,59.255,59.11,58.944,59.435,60.04,60.541,62.075,63.048,63.982,64.534,65.163,66.622,67.148,67.915,68.215,69.099,69.606,70.073,70.573,71.17,71.333,72.006,72.407,72.505,73.168,73.391,73.881,74.024,74.328,74.51,74.688,74.763,75.186,75.372,75.585,75.662,75.721,75.666,75.774,75.811,75.944,75.979,74.716,74.344,76.164,76.264,76.488,
Suriname,SUR,America,Latin America,"Life expectancy at birth, female (years)",SP.DYN.LE00.FE.IN,58.68,59.422,60.216,60.862,61.472,61.834,62.077,62.147,62.282,62.393,62.502,62.602,62.703,62.81,62.939,63.069,63.199,63.333,63.469,63.602,63.736,63.876,64.017,64.153,64.295,64.44,64.556,64.711,64.872,65.083,65.225,65.326,65.452,65.621,65.814,66.044,66.338,66.648,66.961,67.262,67.62,68.025,68.469,68.983,69.591,70.235,70.9,71.6,72.213,72.727,73.085,73.312,73.443,73.571,73.753,73.939,74.324,74.53,74.798,75.08,76.22,72.14,76.5,76.835,76.979,
Sint Maarten (Dutch part),SXM,America,Latin America,"Life expectancy at birth, female (years)",SP.DYN.LE00.FE.IN,67.46,67.775,68.126,68.592,69.005,69.434,70.042,70.726,71.3,71.873,72.363,72.707,73.056,73.336,73.506,73.6,73.619,73.545,73.501,73.528,73.615,73.79,74.017,74.187,74.301,74.373,74.405,74.399,74.425,74.45,74.494,74.538,74.617,74.72,74.865,75.1,75.424,75.779,76.123,76.442,76.625,76.763,76.888,76.976,77.104,77.317,77.551,77.709,77.837,77.847,77.902,77.962,78.242,78.547,78.893,79.016,79.028,78.309,78.595,78.577,78.535,77.614,79.284,79.531,79.656,
Turks and Caicos Islands,TCA,America,Latin America,"Life expectancy at birth, female (years)",SP.DYN.LE00.FE.IN,59.542,60.289,60.727,61.232,61.758,62.304,62.788,63.272,63.715,64.192,64.698,65.143,65.563,65.966,66.386,66.739,67.129,67.543,67.924,68.277,68.671,69.046,69.388,69.703,70.069,70.425,70.799,71.211,71.669,72.068,72.462,72.812,73.158,73.361,73.655,73.959,74.281,74.634,75.042,75.495,76.028,76.566,77.104,77.603,78.011,78.34,78.558,78.743,78.201,78.888,78.954,79.048,79.128,79.261,79.402,79.539,79.708,79.771,79.879,79.966,79.999,79.633,80.215,80.297,80.449,
Trinidad and Tobago,TTO,America,Latin America,"Life expectancy at birth, female (years)",SP.DYN.LE00.FE.IN,64.14,64.681,65.222,65.435,65.906,66.216,66.375,66.625,66.836,67.032,67.186,67.34,67.547,67.778,67.94,68.161,68.518,68.749,68.81,68.95,69.083,69.137,69.072,69.152,69.299,69.455,69.526,69.769,69.952,70.099,70.156,70.323,70.284,70.292,70.358,70.505,70.548,70.617,70.917,71.086,71.301,71.615,72.094,72.406,72.927,73.223,73.556,73.937,74.287,74.536,74.912,75.227,75.496,75.716,75.841,75.903,75.978,76.038,75.896,76.034,76.044,74.481,76.522,76.683,76.825,
Uruguay,URY,America,Latin America,"Life expectancy at birth, female (years)",SP.DYN.LE00.FE.IN,70.997,71.128,71.239,71.356,71.463,71.57,71.677,71.787,71.91,71.988,72.152,72.349,72.622,72.838,73.049,73.257,73.467,73.724,73.981,73.984,74.309,74.833,75.49,75.484,75.506,75.648,75.931,75.987,76.273,76.609,76.898,77.094,77.128,77.254,77.336,77.72,78.05,78.121,78.228,78.518,78.858,79.124,79.042,79.122,79.257,79.796,79.908,80.141,80.225,80.566,80.635,80.516,80.577,80.82,80.987,81.046,81.013,81.204,81.501,81.293,82.015,79.444,80.505,81.92,82.043,
United States,USA,America,North America,"Life expectancy at birth, female (years)",SP.DYN.LE00.FE.IN,73.1,73.6,73.5,73.4,73.7,73.8,73.9,74.3,74.1,74.4,74.7,75,75.1,75.3,75.9,76.6,76.8,77.2,77.3,77.8,77.4,77.8,78.1,78.1,78.2,78.2,78.2,78.3,78.3,78.5,78.8,78.9,79.1,78.8,79,78.9,79.1,79.4,79.5,79.4,79.3,79.5,79.6,79.7,80.1,80.1,80.3,80.6,80.6,80.9,81,81.1,81.2,81.2,81.3,81.2,81.1,81.1,81.2,81.4,79.9,79.3,80.2,81.1,81.4,
St. Vincent and the Grenadines,VCT,America,Latin America,"Life expectancy at birth, female (years)",SP.DYN.LE00.FE.IN,59.463,60.101,60.728,61.35,61.95,62.608,63.144,63.624,64.18,64.666,65.187,65.616,65.958,66.281,66.588,67.019,67.596,68.033,68.443,70.533,69.188,69.525,69.84,70.025,70.6,71.26,71.787,72.352,72.736,72.84,72.876,72.902,72.36,72.922,72.915,72.898,72.957,73.043,72.97,73.071,73.125,73.172,73.052,73.25,73.281,73.306,73.251,73.229,73.333,73.473,73.534,73.665,73.777,73.626,73.955,74.283,73.654,74.177,74.166,73.993,74.459,72.83,74.288,74.315,74.476,
"Venezuela, RB",VEN,America,Latin America,"Life expectancy at birth, female (years)",SP.DYN.LE00.FE.IN,60.397,61.08,61.711,62.414,63.075,63.748,64.847,65.377,65.828,65.541,66.783,67.159,67.625,67.931,68.494,69.038,69.608,70.298,70.874,71.011,71.068,71.525,71.894,72.373,72.37,72.569,73.123,73.371,73.551,73.775,73.687,74.231,74.412,74.768,74.637,74.929,75.091,75.669,75.805,75.444,76.244,75.35,76.865,76.161,76.702,76.967,77.184,77.664,77.204,77.315,77.362,77.786,77.632,77.473,77.339,77.395,76.793,76.306,76.554,76.677,76.501,75.619,76.525,76.501,76.655,
British Virgin Islands,VGB,America,Latin America,"Life expectancy at birth, female (years)",SP.DYN.LE00.FE.IN,64.749,65.362,65.876,66.354,66.787,67.216,67.641,68.052,68.483,68.858,69.3,69.691,70.066,70.421,70.805,71.099,71.39,71.639,71.893,72.125,72.389,72.602,72.813,73.009,73.159,73.335,73.509,73.734,73.995,74.295,74.6,74.974,75.307,75.637,76.091,76.481,76.771,77.008,77.14,77.225,77.296,77.354,77.532,77.764,78.071,78.335,78.568,78.698,78.897,79.043,79.126,79.211,79.291,79.314,79.364,79.391,79.436,78.199,79.556,79.646,79.718,78.262,79.935,80.049,80.186,
Virgin Islands (U.S.),VIR,America,Latin America,"Life expectancy at birth, female (years)",SP.DYN.LE00.FE.IN,66.48,66.452,65.313,63.757,66.837,69.243,66.488,67.424,68.429,69.26,70.095,70.837,68.493,71.382,71.523,71.686,71.814,71.93,72.036,72.148,72.459,72.61,72.768,72.947,73.176,73.234,73.573,73.801,74.092,74.204,74.314,74.444,74.57,74.658,74.768,74.606,74.998,74.917,74.889,75.076,80,80.9,80.8,80.8,81,80.7,81.5,80.5,80.8,81.1,81.4,81.8,82,82.2,82.3,82.5,82.6,82.8,82.9,83.1,83.2,83.5,83.7,83.9,84.1,
Albania,ALB,Europe,,"Life expectancy at birth, female (years)",SP.DYN.LE00.FE.IN,58.877,59.995,61.047,62.086,63.048,63.934,64.814,65.642,66.476,67.237,67.946,68.612,69.246,69.844,70.4,70.918,71.399,71.852,72.269,72.597,72.967,73.287,73.618,73.97,74.329,74.684,75.138,75.477,75.726,75.956,76.195,76.452,76.72,77,77.206,77.407,77.533,77.052,77.725,77.822,77.926,78.031,78.142,78.329,78.753,79.303,79.943,80.584,81.076,81.282,81.108,80.916,80.589,80.387,80.267,80.451,80.625,80.795,81.001,81.06,80.345,79.002,80.781,81.446,81.593,
Andorra,AND,Europe,,"Life expectancy at birth, female (years)",SP.DYN.LE00.FE.IN,75.081,75.744,76.372,76.871,77.352,77.688,77.909,77.979,78.002,77.988,78.075,78.193,78.461,78.751,79.072,79.391,79.785,80.154,80.569,80.975,81.37,81.69,81.971,82.196,82.404,82.571,82.775,82.96,83.117,83.235,83.387,83.471,83.609,83.823,84.085,84.294,84.51,84.713,84.864,85.068,85.098,85.167,85.13,85.116,84.979,85.272,85.593,85.976,86.292,86.611,86.684,86.692,86.669,86.652,86.626,86.584,86.468,86.322,86.196,86.101,83.84,84.678,86.075,86.107,86.24,
Armenia,ARM,Europe,,"Life expectancy at birth, female (years)",SP.DYN.LE00.FE.IN,62.15,62.598,63.038,63.467,63.881,64.277,64.653,65.008,65.343,65.658,65.954,66.232,66.475,66.715,66.959,67.217,67.488,67.784,68.088,68.398,68.706,69.011,69.319,69.621,69.915,70.201,70.475,70.737,53.561,71.233,71.461,71.699,71.896,72.144,72.375,72.619,72.865,73.118,73.397,73.687,75.8,76.1,75.9,75.9,76.1,76.2,76,76.1,76.3,76.3,76.4,77.3,77.5,77.9,78.1,78.2,78.3,78.7,79,79.5,78.6,77.4,78.3,81,81.7,
Austria,AUT,Europe,,"Life expectancy at birth, female (years)",SP.DYN.LE00.FE.IN,71.92,72.84,72.48,72.65,73.2,72.99,73.37,73.37,73.52,73.27,73.5,73.7,74.1,74.6,74.7,74.7,75.1,75.5,75.7,76,76.1,76.5,76.7,76.7,77.3,77.4,77.8,78.2,78.7,78.8,79,79.1,79.3,79.5,79.8,80.1,80.2,80.7,81,81,81.2,81.7,81.7,81.5,82.1,82.2,82.8,83.1,83.3,83.2,83.5,83.8,83.6,83.8,84,83.7,84.1,84,84.1,84.2,83.6,83.7,83.6,84.2,84.3,
Belgium,BEL,Europe,,"Life expectancy at birth, female (years)",SP.DYN.LE00.FE.IN,72.77,73.63,73.18,73.14,73.9,73.76,73.8,74.25,73.92,74.13,74.25,74.4,74.76,74.98,75.31,75.28,75.49,76.18,76.14,76.61,76.69,77.12,77.33,77.27,77.98,78.08,78.23,78.9,79.1,79.09,79.54,79.67,79.87,79.9,80.19,80.38,80.66,80.7,80.7,81,81,81.2,81.2,81.1,81.9,81.9,82.3,82.6,82.6,82.8,83,83.3,83.1,83.2,83.9,83.4,84,83.9,83.9,84.3,83,84.3,83.9,84.5,84.4,
Bulgaria,BGR,Europe,,"Life expectancy at birth, female (years)",SP.DYN.LE00.FE.IN,71.03,72.06,71.3,72.02,72.96,73.23,73.18,72.56,73.32,72.74,73.51,73.24,73.23,73.77,73.6,73.58,73.92,73.5,73.72,74.11,73.99,74.43,74.08,74.48,74.66,74.46,75.06,74.81,74.99,75.19,75.15,74.88,75.09,75.26,75.25,74.9,74.58,73.87,74.8,75.1,75.3,75.2,75.4,75.6,76.2,76.3,76.3,76.3,76.6,77.1,77.2,77.8,77.9,78.6,78,78.2,78.5,78.4,78.6,78.8,77.3,74.9,77.9,79.7,79.5,
Bosnia and Herzegovina,BIH,Europe,,"Life expectancy at birth, female (years)",SP.DYN.LE00.FE.IN,60.453,61.219,62.125,62.334,63.343,64.128,65.192,65.933,66.38,67.115,67.794,68.187,68.54,69.422,70.44,71.22,71.246,71.577,71.731,72.162,72.717,73.197,73.447,73.486,73.764,73.943,74.241,74.409,74.707,75.287,75.511,75.927,64.822,64.522,75.864,75.032,77.052,77.455,77.84,78.136,78.37,78.7,79.233,79.594,79.819,79.816,79.607,79.683,79.833,80.159,80.214,80.246,80.324,80.35,80.19,80.177,80.089,80.086,81.435,80.463,79.393,77.649,80.728,80.903,81.068,
Belarus,BLR,Europe,,"Life expectancy at birth, female (years)",SP.DYN.LE00.FE.IN,72.736,73.124,73.04,73.121,74.2,74.273,74.405,74.74,74.497,75.009,74.714,74.657,74.721,74.753,74.816,74.653,74.52,74.614,74.335,74.611,74.308,74.443,74.806,74.505,74.553,75.5,75.98,75.6,75.9,76.4,75.6,75.5,75.4,74.4,74.3,74.3,74.3,74.3,74.4,73.9,74.7,74.5,74.1,74.7,75,75.1,75.5,76.2,76.5,76.4,76.5,76.7,77.6,77.9,78.4,78.9,79,79.2,79.4,79.4,77.428,77.176,79.002,79.065,79.223,
Switzerland,CHE,Europe,,"Life expectancy at birth, female (years)",SP.DYN.LE00.FE.IN,74.11,74.59,74.09,74.23,75.11,75.07,75.25,75.72,75.52,75.65,76.16,76.25,76.82,77.05,77.56,78,78.13,78.68,78.66,78.78,78.85,79.13,79.44,79.55,80.03,80.15,80.3,80.66,80.73,80.94,80.71,81.1,81.33,81.43,81.71,81.69,82,82.04,82.5,82.5,82.6,83.1,83.1,83.2,83.7,83.9,84,84.2,84.4,84.4,84.5,85,84.9,85,85.4,85.1,85.6,85.6,85.7,85.8,85.1,85.8,85.5,86,86.2,
Channel Islands,CHI,Europe,,"Life expectancy at birth, female (years)",SP.DYN.LE00.FE.IN,75.4,74.9,75.5,76.7,75.2,74.5,75.1,75.2,75.1,74.9,74.9,75.4,75.3,76.2,76.4,76.2,76.1,76.2,76.2,76.3,76.8,77.4,76,78,78.2,78.6,78.1,78.6,79.2,79.3,78.6,79.5,79.7,79.3,79.2,80.1,79.9,80.6,80.9,81,81.1,81.3,81.4,81.6,82.1,82.3,82.6,82.8,83,83.2,83.4,83.6,83.5,83.7,83.8,83.6,83.4,83.3,83.5,83.4,83.2,82.5,83.2,83.2,83.3,
Czechia,CZE,Europe,,"Life expectancy at birth, female (years)",SP.DYN.LE00.FE.IN,73.34,73.55,72.86,73.48,73.63,73.39,73.75,73.66,73.38,73.06,73,73.37,73.68,73.69,73.59,74,74.2,74.21,74.26,74.34,73.93,74.41,74.47,74.31,74.51,74.77,74.68,75.2,75.36,75.43,75.42,75.75,76.19,76.43,76.64,76.65,77.3,77.4,78.1,78.1,78.4,78.4,78.5,78.5,79,79.1,79.7,79.9,80.1,80.1,80.6,81.1,81.2,81.3,82,81.6,82.1,82,82,82.2,81.3,80.5,81.9,82.9,83,
Germany,DEU,Europe,,"Life expectancy at birth, female (years)",SP.DYN.LE00.FE.IN,71.749,72.38,72.583,72.725,73.352,73.293,73.458,73.725,73.362,73.303,73.547,73.795,74.111,74.334,74.593,74.504,74.958,75.612,75.633,75.962,76.147,76.349,76.645,76.934,77.357,77.461,77.638,78.103,78.286,78.466,78.419,78.7,79.2,79.2,79.6,79.7,79.9,80.3,80.6,80.8,81,81.3,81.2,81.3,81.6,81.8,82,82.3,82.4,82.5,82.6,83.1,83.1,83,83.6,83.1,83.5,83.4,83.3,83.7,83.5,83.3,83,83.5,83.2,
Denmark,DNK,Europe,,"Life expectancy at birth, female (years)",SP.DYN.LE00.FE.IN,74,74.4,74.43,74.48,74.79,74.65,74.79,75.35,75.58,75.7,75.93,76.16,76.21,76.53,76.82,77.01,76.69,77.68,77.42,77.4,77.18,77.36,77.65,77.55,77.62,77.47,77.53,77.79,77.64,77.75,77.73,77.98,77.96,77.77,78.1,77.83,78.26,78.46,78.7,78.8,79,79.2,79.2,79.5,79.9,80.2,80.4,80.5,80.7,80.8,81.2,81.9,82.1,82.4,82.8,82.7,82.8,83.1,82.9,83.5,83.6,83.3,83.2,83.7,84.2,
Spain,ESP,Europe,,"Life expectancy at birth, female (years)",SP.DYN.LE00.FE.IN,71.66,71.98,72.08,72.36,73.14,73.57,73.78,74.07,74.36,73.89,74.87,74.56,75.63,75.52,75.92,76.31,76.68,77.2,77.42,78.02,78.53,78.74,79.32,79.1,79.64,79.64,79.85,80.17,80.23,80.44,80.51,80.7,81.19,81.26,81.62,81.73,81.88,82.21,82.2,82.2,82.5,82.8,83,83,83.2,83.5,84.1,84.1,84.3,84.6,84.7,85.6,85.5,86.1,86.2,85.7,86.3,86.1,86.3,86.7,85.1,86.2,85.9,86.7,86.5,
Estonia,EST,Europe,,"Life expectancy at birth, female (years)",SP.DYN.LE00.FE.IN,73.022,73.283,73.176,73.54,74.037,74.247,74.285,74.72,74.458,74.432,74.556,74.782,74.646,74.66,75.063,74.743,74.403,74.491,74.536,74.207,74.269,74.1,74.3,74.6,74.4,74.4,74.9,75.1,75,74.7,74.7,74.7,74.6,73.8,72.8,74.1,75.4,75.7,75.3,75.8,76,76.2,77,76.9,77.8,78.1,78.3,78.5,79.2,80.1,80.5,81.3,81.5,81.7,81.9,82.2,82.2,82.6,82.7,83,83,81.4,82.3,83.3,83.7,
Finland,FIN,Europe,,"Life expectancy at birth, female (years)",SP.DYN.LE00.FE.IN,72.4,72.24,72.24,72.68,72.96,72.85,73.17,73.59,73.55,73.56,74.4,74.32,75.02,75.69,75.55,76.14,76.31,76.96,77.43,77.55,77.85,78.09,78.58,78.36,78.76,78.51,78.76,78.71,78.69,78.9,78.88,79.32,79.43,79.48,80.15,80.21,80.54,80.51,80.84,81.02,81,81.5,81.5,81.8,82.3,82.3,82.8,82.9,83,83.1,83.2,83.8,83.7,84.1,84.1,84.4,84.4,84.5,84.5,84.8,84.8,84.6,83.8,84.3,85,
France,FRA,Europe,,"Life expectancy at birth, female (years)",SP.DYN.LE00.FE.IN,73.3,73.6,73.9,74.1,74.3,74.5,74.7,74.9,75.1,75.3,75.5,75.8,76,76.3,76.6,76.9,77.2,77.5,77.7,78,78.2,78.5,78.7,79,79.2,79.5,79.8,80,80.3,80.6,80.8,81.1,81.3,81.5,81.9,81.9,82,82.3,82.6,82.7,83,83,83,82.7,83.8,83.8,84.5,84.8,84.8,85,85.3,85.7,85.4,85.6,86.1,85.6,85.8,85.7,85.8,85.9,85.3,85.5,85.1,85.7,85.9,
Faroe Islands,FRO,Europe,,"Life expectancy at birth, female (years)",SP.DYN.LE00.FE.IN,74.757,75.395,75.915,76.351,76.694,76.964,77.164,77.309,77.482,77.576,77.681,77.819,77.948,78.068,78.053,78.076,78.039,78.111,78.134,78.124,78.266,78.484,78.698,78.901,79.088,79.257,78.8199,79.0434,79.2656,79.4857,79.7034,79.9183,80.1294,80.3358,80.5364,80.728,80.85,80.9442,81.0306,81.1289,81.2319,81.3368,81.4438,81.5654,81.7237,81.9214,82.1485,82.3966,82.6543,82.9092,83.152,83.3798,83.5969,83.8013,83.9934,84.1685,84.2947,84.3872,84.4703,84.5508,84.6303,84.7082,84.7827,84.8518,84.9146,
United Kingdom,GBR,Europe,,"Life expectancy at birth, female (years)",SP.DYN.LE00.FE.IN,74.2,73.9,74,73.9,74.8,74.8,74.8,75.3,74.9,75,75.2,75.5,75.3,75.5,75.7,75.9,75.9,76.4,76.3,76.4,76.8,77.1,77.2,77.4,77.8,77.6,77.9,78.2,78.3,78.4,78.8,78.9,79.2,79.1,79.6,79.5,79.7,79.9,79.7,79.9,80.2,80.4,80.5,80.7,81,81.2,81.4,81.6,81.7,82.1,82.4,83,82.8,82.9,83.2,82.8,83,83.1,83.1,83.275,82.4,82.671,83.018,83.208,83.325,
Georgia,GEO,Europe,,"Life expectancy at birth, female (years)",SP.DYN.LE00.FE.IN,65.897,66.237,66.561,66.903,67.232,67.579,67.766,68.086,68.416,68.74,69.053,69.345,69.645,69.942,70.25,70.562,70.89,71.229,71.619,71.95,72.232,72.764,73.095,73.175,72.745,72.942,73.057,73.117,72.723,72.731,72.819,72.588,72.32,72.669,73.112,73.898,74.871,73.448,73.612,73.86,73.9,73.865,73.908,74.625,74.767,74.655,75.639,75.565,75.961,75.394,76.386,76.868,77.322,77.614,77.592,77.855,77.886,78.194,78.75,78.888,78.254,75.778,79.048,79.107,79.233,
Gibraltar,GIB,Europe,,"Life expectancy at birth, female (years)",SP.DYN.LE00.FE.IN,72.823,72.291,72.026,71.975,72.195,72.728,73.378,73.92,74.228,74.394,74.431,74.639,74.888,75.229,75.56,75.881,76.04,76.108,76.167,76.195,76.274,76.393,76.624,76.859,77.219,77.562,77.944,78.333,78.718,79.027,79.334,79.626,79.82,79.975,80.139,80.281,80.405,80.635,80.909,81.185,81.522,81.883,82.135,82.4,82.691,82.979,83.273,83.634,83.99,84.331,84.642,84.897,85.094,85.219,85.298,85.35,85.418,85.516,85.649,85.79,85.69,82.801,86.097,86.143,86.192,
Greece,GRC,Europe,,"Life expectancy at birth, female (years)",SP.DYN.LE00.FE.IN,73.088,72.508,72.404,72.749,72.677,73.715,74.257,73.554,73.704,74.378,75.21,75.338,75.166,75.45,75.878,75.998,76.425,76.417,77.149,77.351,77.255,77.617,77.883,78.151,78.42,78.613,79.062,78.666,79.607,79.3,79.5,79.8,80.2,79.9,80.2,80.3,80.4,80.8,80.4,80.6,80.5,81,81.1,81.3,81.6,81.8,82,82,82.5,82.8,83,83.6,83.4,84,84.1,83.7,84,83.9,84.4,84.2,83.9,82.9,83.4,84.4,84.4,
Greenland,GRL,Europe,,"Life expectancy at birth, female (years)",SP.DYN.LE00.FE.IN,61.251,62.697,63.972,64.799,65.429,65.689,65.568,65.556,65.673,65.721,65.461,65.155,64.609,64.044,63.663,63.7,64.123,64.596,67,67.74,67.24,66.86,66.44,66.24,66.55,67.25,67.66,68.47,68.68,68.76,68.92,68.53,68.51,68.51,68.59,67.99,68.4,68.61,69.01,68.62,67.39,67.7,68.17,68.94,69.62,70.24,70.63,71.05,71.25,71.46,71.67,71.94,72.29,72.74,72.89,73.23,73.76,73.93,73.84,73.96,73.77,73.3,73.11,72.97,72.23,
Croatia,HRV,Europe,,"Life expectancy at birth, female (years)",SP.DYN.LE00.FE.IN,68.204,68.923,69.574,70.041,70.437,70.937,71.386,71.7,71.741,71.925,72.281,72.701,73.126,73.561,74.241,73.49,73.8,74.13,74.16,74.11,74.15,74.15,74.36,74.27,74.27,74.83,75.24,75.24,75.34,75.64,75.93,75.95,75.8,76.04,76.28,76.52,76.76,76.9,76.22,76.55,76.68,78.17,78.4,78.23,79.08,78.83,79.33,79.25,79.6,79.6,79.6,79.9,80.6,80.9,80.9,80.4,81.2,80.8,81.3,81.4,80.7,79.6,80.7,81.7,81.9,
Hungary,HUN,Europe,,"Life expectancy at birth, female (years)",SP.DYN.LE00.FE.IN,70.18,71.2,70.14,71.22,71.86,71.54,72.24,72.05,71.95,72.06,72.12,72.1,72.62,72.54,72.27,72.44,72.59,73.08,72.8,73.17,72.77,72.95,73.23,73.02,73.19,73.08,73.23,73.8,74.08,73.8,73.7,73.91,73.86,73.88,74.31,74.55,74.79,75.22,75.186,75.21,75.6,76.5,76.6,76.5,76.9,76.9,77.4,77.3,77.8,77.9,78.1,78.7,78.7,79.1,79.4,79,79.7,79.3,79.6,79.7,78.8,77.6,79.3,79.9,79.9,
Isle of Man,IMN,Europe,,"Life expectancy at birth, female (years)",SP.DYN.LE00.FE.IN,69.788,69.777,69.836,69.958,70.186,70.454,70.711,70.933,71.068,71.157,71.258,71.371,71.489,71.685,71.878,72.094,72.311,72.563,72.833,73.146,73.471,73.787,74.07,74.342,74.583,74.779,75.02,75.317,75.648,75.931,76.24,76.451,76.59,76.636,76.718,76.724,76.775,76.844,76.947,77.044,77.273,77.562,77.926,78.318,78.806,79.249,79.653,80.046,80.496,80.848,81.157,81.376,81.546,81.65,81.745,81.87,82.099,82.326,82.546,82.778,82.739,82.607,83.09,83.134,83.202,
Ireland,IRL,Europe,,"Life expectancy at birth, female (years)",SP.DYN.LE00.FE.IN,71.989,71.598,72.11,72.263,72.593,72.942,72.445,73.519,73.272,73.086,73.335,74.181,73.573,73.887,73.84,74.46,74.477,74.627,74.776,75.291,75.392,75.88,76.084,76.218,76.552,76.629,76.625,77.355,77.32,77.302,77.72,77.902,78.288,78.161,78.658,78.312,78.7,78.7,79.1,78.9,79.2,79.9,80.4,80.7,81.1,81.3,81.7,82.1,82.4,82.7,83.1,83,83.1,83.1,83.5,83.4,83.6,84,84.1,84.7,84.3,84.2,84.2,84.6,84.7,
Iceland,ISL,Europe,,"Life expectancy at birth, female (years)",SP.DYN.LE00.FE.IN,75.738,76.3,76.16,76.07,76.41,76.44,76.43,76.59,76.49,76.45,77.34,76.49,76.94,77.56,78.01,78.99,80.24,79.58,79.62,80,80.35,79.82,79.65,80.6,80.45,80.44,80.69,79.9,79.9,80.2,80.71,81.27,80.85,80.84,81.47,80.11,81.18,81.6,81.6,81.4,81.6,83.2,82.5,82.5,83.2,83.5,82.9,83.4,83.3,83.8,84.1,84.1,84.3,83.7,84.5,83.8,84.1,84.3,84.5,84.7,84.6,84.6,83.4,84.3,84.5,
Italy,ITA,Europe,,"Life expectancy at birth, female (years)",SP.DYN.LE00.FE.IN,71.69,72.48,71.89,72.06,73.18,73.04,73.82,73.83,73.72,73.88,74.55,74.88,75.21,75.12,75.91,75.91,76.27,76.74,77.13,77.46,77.38,77.76,78.19,77.99,78.77,78.8,79.1,79.6,79.7,80.2,80.3,80.4,80.8,81,81.2,81.5,81.8,82,82.1,82.6,82.8,83.2,83.2,82.8,83.7,83.6,84.1,84.2,84.2,84.3,84.7,84.8,84.8,85.2,85.6,84.9,85.6,85.2,85.6,85.7,84.5,84.9,84.8,85.4,86,
Liechtenstein,LIE,Europe,,"Life expectancy at birth, female (years)",SP.DYN.LE00.FE.IN,74.428,74.36,74.143,74.162,74.327,74.653,75.337,76.069,76.672,77.001,77.306,77.431,77.61,77.641,77.728,77.763,77.648,77.585,77.381,77.404,77.489,77.972,78.35,79.244,79.888,80.595,81.028,81.468,81.615,81.781,81.837,81.819,81.754,81.58,81.7,79.9,81.6,80.4,82.1,82.9,79.9,82.4,82.3,81.6,85.1,84.1,83.1,83.6,85.5,83.6,84.3,84.2,85.2,83.9,83.2,84.5,84,86,85.5,85.8,83.4,86.4,85.3,86.9,86.3,
Lithuania,LTU,Europe,,"Life expectancy at birth, female (years)",SP.DYN.LE00.FE.IN,72.9,73.56,72.44,73.8,74.91,74.68,75.08,75.43,75.15,74.98,75.03,76.13,75.45,75.65,75.69,75.6,75.87,75.66,75.45,75.64,75.64,75.68,76.01,75.91,75.57,75.49,76.46,76.36,76.29,76.24,76.17,75.86,75.93,74.98,74.82,75.04,75.86,76.62,76.7,77,77.5,77.6,77.6,77.9,77.8,77.4,77.1,77.2,77.6,78.6,78.8,79.3,79.6,79.6,80.1,79.7,80.1,80.5,80.7,81.2,80.1,78.8,80.1,81.9,81.6,
Luxembourg,LUX,Europe,,"Life expectancy at birth, female (years)",SP.DYN.LE00.FE.IN,71.717,71.655,71.341,71.55,72.47,72.53,71.678,72.6,72.778,73.027,72.186,72.48,73.389,74.096,73.617,73.774,73.626,75.114,74.748,75.698,74.813,75.226,75.475,76.098,75.743,76.216,77.396,77.047,77.493,77.182,77.422,79.1,79.1,79.4,79.7,80.2,79.9,79.8,80.5,81.1,81.1,81,81.5,80.8,82.4,82.3,81.9,82.2,83.1,83.3,83.5,83.6,83.8,83.9,85.2,84.7,85.4,84.4,84.6,85.2,84.5,84.8,85.2,85,85.5,
Latvia,LVA,Europe,,"Life expectancy at birth, female (years)",SP.DYN.LE00.FE.IN,73.49,73.92,73.19,73.65,74.89,74.86,74.6,74.22,74.54,74.55,74.23,74.8,74.76,74.5,74.74,74.16,74.39,74.16,74.12,73.72,74.12,74.4,74.65,74.62,74.5,74.06,75.14,75.19,75.22,75.18,74.6,74.6,74.44,73.33,72.62,73.06,74.8,75.05,74.8,75.29,76,76.6,76.8,76.9,77.2,77.4,76.5,76.5,77.9,78.1,78.4,78.8,78.9,78.9,79.4,79.5,79.6,79.7,79.7,80.1,80,78,79.4,80.6,81.5,
Monaco,MCO,Europe,,"Life expectancy at birth, female (years)",SP.DYN.LE00.FE.IN,74.817,75.179,75.424,75.32,75.515,75.714,76.053,76.225,76.423,76.443,76.471,76.437,76.437,76.419,76.546,76.84,77.25,77.569,77.812,77.896,77.997,78.101,78.489,79.021,79.691,80.496,81.368,82.223,82.712,83.079,83.351,83.743,84.12,84.452,84.73,84.949,85.135,85.3,85.438,85.546,85.804,86.271,86.995,87.569,87.903,87.811,87.546,87.222,87.027,86.951,87.071,87.276,87.604,87.914,88.097,88.199,88.29,88.357,88.369,88.323,88.27,87.294,87.915,88.504,88.626,
Moldova,MDA,Europe,,"Life expectancy at birth, female (years)",SP.DYN.LE00.FE.IN,62.523,62.934,63.33,63.678,63.999,64.286,64.544,64.764,64.959,65.182,65.422,65.684,65.939,66.177,66.426,66.674,66.935,67.196,67.466,67.861,68.269,68.769,69.073,69.406,69.647,70.038,70.505,71.032,71.347,71.446,71.308,71.08,70.652,70.356,70.052,69.998,70.032,70.264,70.586,70.953,71.218,71.445,71.582,71.718,71.876,72.102,72.385,72.693,73.06,73.507,74.011,74.341,74.55,74.554,74.561,74.528,74.65,74.892,74.665,74.622,74.223,73.115,76.206,75.535,75.672,
North Macedonia,MKD,Europe,,"Life expectancy at birth, female (years)",SP.DYN.LE00.FE.IN,60.387,62.131,59.548,62.067,62.053,63.514,64.199,64.686,65.252,64.917,65.77,66.212,66.678,68.907,68.656,68.533,69.423,69.704,70.367,70.895,70.67,71.277,71.356,71.443,72.234,72.323,72.061,72.204,72.367,72.891,73.268,73.771,73.481,74.135,74.1,74,74.8,74.7,74.5,75.3,75.2,76.1,75.6,75.7,75.8,75.9,76.2,75.9,76.5,76.7,77.2,77.2,76.9,77.5,77.5,77.4,77.5,77.9,78.8,78.6,76.7,75.5,76.74,77.58,78.86,
Malta,MLT,Europe,,"Life expectancy at birth, female (years)",SP.DYN.LE00.FE.IN,70.188,70.311,70.912,70.964,71.224,71.266,71.544,71.726,71.949,72.131,72.534,72.679,73.04,73.365,73.779,74.128,74.103,74.284,74.416,74.567,74.239,74.491,74.612,75.074,75.325,76.239,76.724,77.322,77.855,78.202,78.254,78.766,78.87,79.088,79.186,79.8,79.8,80.3,80.2,79.6,80.5,81.2,81.3,80.8,81.2,81.4,82,82.2,82.3,82.7,83.6,83,83,84,84.2,84,84.3,84.5,84.4,84.4,84.3,84,84.5,85.2,84.8,
Montenegro,MNE,Europe,,"Life expectancy at birth, female (years)",SP.DYN.LE00.FE.IN,67.122,67.453,67.798,68.069,68.634,69.341,69.966,70.522,71.295,71.837,72.188,72.664,73.201,73.589,73.583,73.897,74.106,74.067,74.158,73.655,74.528,74.511,74.769,74.951,75.078,75.174,75.614,75.867,76.106,76.708,77.147,77.075,76.954,77.038,76.768,76.613,76.585,76.557,76.594,76.446,76.597,76.722,77.127,77.133,77.246,76.8,76.4,76.9,77.8,77.5,78.5,78.9,78.4,79,78.9,78.6,79,79.4,80.6,79.5,78.8,77,78.8,80.2,80.4,
Netherlands,NLD,Europe,,"Life expectancy at birth, female (years)",SP.DYN.LE00.FE.IN,75.38,75.85,75.68,75.77,76.26,76.14,76.12,76.57,76.44,76.29,76.5,76.77,76.79,77.13,77.61,77.7,77.92,78.52,78.5,78.92,79.18,79.32,79.41,79.56,79.67,79.66,79.61,80.06,80.24,79.92,80.11,80.15,80.28,80,80.31,80.36,80.35,80.55,80.7,80.5,80.6,80.7,80.7,80.9,81.4,81.6,81.9,82.3,82.3,82.7,82.7,83.1,83,83.2,83.5,83.2,83.2,83.4,83.4,83.7,83.1,83,83.1,83.4,83.4,
Norway,NOR,Europe,,"Life expectancy at birth, female (years)",SP.DYN.LE00.FE.IN,75.87,76.05,76.05,75.49,76.08,76.53,76.71,76.94,76.8,76.67,77.32,77.36,77.51,77.71,77.96,78.07,78.21,78.67,78.63,78.82,79.17,79.27,79.54,79.56,79.61,79.41,79.76,79.58,79.56,79.84,79.8,80.1,80.36,80.23,80.64,80.82,81.07,80.97,81.3,81.1,81.4,81.5,81.6,81.9,82.3,82.5,82.7,82.7,83,83.1,83.2,83.6,83.5,83.8,84.2,84.2,84.2,84.3,84.5,84.7,84.9,84.7,84.2,84.6,84.8,
Poland,POL,Europe,,"Life expectancy at birth, female (years)",SP.DYN.LE00.FE.IN,70.6,70.8,70.5,71.5,71.6,72.4,72.9,72.6,73.6,73.1,73.3,73.3,74.2,74.3,74.6,74.3,74.6,74.5,74.5,74.9,74.4,75.2,75.2,75.2,75,74.8,75.1,75.2,75.67,75.5,75.5,75.3,75.7,76,76.1,76.4,76.6,77,77.3,77.5,78,78.4,78.8,78.9,79.2,79.4,79.6,79.7,80,80.1,80.6,81.1,81.1,81.2,81.7,81.6,82,81.8,81.7,81.9,80.6,79.5,81.1,82.1,82.2,
Portugal,PRT,Europe,,"Life expectancy at birth, female (years)",SP.DYN.LE00.FE.IN,66.886,65.501,67.225,67.817,67.991,69.133,68.757,69.628,69.883,69.568,70.3,70.1,71.5,70.7,71.4,72.1,72.6,73.7,73.8,74.6,74.8,75.2,76,75.8,76.1,76.4,76.8,77.2,77.3,77.8,77.5,77.6,78,78.2,78.5,79,79,79.1,79.4,79.6,79.9,80.4,80.6,80.6,81,81.4,81.8,81.6,81.7,81.8,82.1,83.8,83.6,84,84.4,84.3,84.3,84.6,84.5,84.8,84.3,84.4,84.5,85.3,85.2,
Romania,ROU,Europe,,"Life expectancy at birth, female (years)",SP.DYN.LE00.FE.IN,67.56,67.53,66.992,68.827,69.688,69.523,70.886,69.618,69.708,68.999,69.859,70.85,70.77,71.29,71.82,71.97,72.06,72.18,71.98,71.75,71.78,72.17,72.4,72.61,72.65,72.78,72.59,72.3,72.41,72.65,73.05,73.17,73.17,73.2,73.3,73.4,73.1,73,73.7,74.2,74.8,74.9,74.8,75.1,75.3,75.6,75.8,76.1,76.1,77.1,77.3,78.2,78.1,78.7,78.7,78.6,79,79,79.2,79.5,78.3,76.6,79.2,80.4,80.3,
San Marino,SMR,Europe,,"Life expectancy at birth, female (years)",SP.DYN.LE00.FE.IN,76.665,76.918,77.087,77.191,77.305,77.375,77.458,77.527,77.632,77.754,77.884,78.019,78.193,78.367,78.533,78.641,78.706,78.869,79.074,79.284,79.503,79.685,79.873,80.004,80.072,80.101,80.127,80.153,80.187,80.275,80.4,80.564,80.777,81.025,81.309,81.593,81.868,82.171,82.402,82.563,82.761,82.944,83.135,83.319,83.568,83.871,84.189,84.53,84.805,85.107,85.327,85.573,85.769,85.933,86.117,86.266,86.421,86.525,86.648,86.787,85.115,85.172,87.127,87.1,87.215,
Serbia,SRB,Europe,,"Life expectancy at birth, female (years)",SP.DYN.LE00.FE.IN,67.297,67.961,68.832,69.17,69.769,70.443,71.236,71.872,72.085,72.343,72.347,72.391,72.491,72.902,73.43,73.905,74.378,74.442,74.173,73.937,73.896,74.198,74.189,74.308,74.246,74.436,74.635,74.947,75.223,75.419,75.483,75.339,75.083,75.105,75.311,75.63,75.615,75.722,75.308,73.323,74.4,75,75,75.1,75.5,75.6,76.1,76.5,76.6,76.7,77,77.2,77.5,77.9,78,77.9,78.3,78.1,78.4,78.6,77.5,75.7,77.9,78.6,78.35,
Slovak Republic,SVK,Europe,,"Life expectancy at birth, female (years)",SP.DYN.LE00.FE.IN,72.526,73.017,72.652,73.199,73.482,72.786,73.173,73.757,73.45,73.055,72.922,73.262,73.838,73.407,73.699,73.936,74.088,74.282,74.125,74.557,74.25,74.65,74.72,74.51,74.91,74.74,74.75,75.13,75.5,75.38,75.44,75.17,76.2,76.7,76.5,76.3,76.7,76.7,76.7,77,77.2,77.5,77.6,77.6,77.8,77.9,78.2,78.1,78.7,78.7,78.8,79.8,79.9,80.1,80.5,80.2,80.7,80.7,80.8,81.2,80.4,78.2,80.5,81.5,81.7,
Slovenia,SVN,Europe,,"Life expectancy at birth, female (years)",SP.DYN.LE00.FE.IN,72,72,72,71.9,72.3,71.9,72.7,72.9,72.4,72.1,72.4,72.65,72.9,73.4,73.9,74.2,74.2,74.5,74.8,74.9,75.1,75.2,75.1,75.1,75,75.5,75.9,76.1,76.8,76.7,77.2,77.4,77.3,77.3,77.4,77.8,78.3,78.6,78.7,78.8,79.1,79.6,79.9,80.7,81.1,81.3,81.8,82.3,82.3,82.3,82.7,83.3,83.3,83.6,84.1,83.9,84.3,84,84.4,84.5,83.4,83.8,84.1,84.9,85,
Sweden,SWE,Europe,,"Life expectancy at birth, female (years)",SP.DYN.LE00.FE.IN,74.87,75.39,75.43,75.64,75.91,76.1,76.45,76.54,76.37,76.61,77.2,77.4,77.53,77.71,77.9,77.94,77.94,78.54,78.66,78.71,78.85,79.13,79.38,79.63,79.93,79.7,80.03,80.15,79.95,80.8,80.4,80.53,80.78,80.77,81.37,81.45,81.52,81.82,81.9,81.9,82,82.1,82.1,82.4,82.7,82.8,82.9,83,83.2,83.4,83.5,83.8,83.6,83.8,84.2,84.1,84.1,84.1,84.3,84.8,84.2,84.9,84.8,85,85.6,
Ukraine,UKR,Europe,,"Life expectancy at birth, female (years)",SP.DYN.LE00.FE.IN,71.989,72.695,73.108,73.421,73.811,74.101,74.264,74.335,74.384,74.374,74.52,74.548,74.697,74.548,74.444,74.249,74.211,74.195,74.203,74.254,74.344,74.457,74.567,74.629,74.49,74.612,74.757,74.997,75.039,75.014,74.828,74.412,73.865,73.409,72.898,72.704,72.763,73.197,73.473,73.582,73.514,73.52,73.526,73.517,73.418,73.5,73.521,73.706,74.053,74.573,75.254,75.678,76.049,76.424,76.818,77.458,78.004,78.55,78.326,78.73,78.024,76.033,79.413,80.198,79.393,
Kosovo,XKX,Europe,,"Life expectancy at birth, female (years)",SP.DYN.LE00.FE.IN,49.702,50.806,49.178,50.797,52.154,53.315,54.13,54.58,55.134,55.485,55.729,57.239,56.927,57.898,58.548,59.307,59.523,60.497,60.65,61.231,62.08,62.287,61.728,62.898,63.251,63.098,64.432,65.498,66.271,67.106,68.422,68.817,69.506,70.209,70.73,70.822,71.272,71.786,71.922,66.314,73.344,73.788,74.231,74.678,75.078,75.297,75.664,76.582,76.902,76.961,76.946,77.535,77.908,78.38,78.501,78.306,78.864,79.056,79.177,79.363,76.635,76.996,79.811,80.118,80.281,
Afghanistan,AFG,Asia,Middle East & North Africa,"Life expectancy at birth, female (years)",SP.DYN.LE00.FE.IN,33.549,34.043,34.502,34.945,35.428,35.9,36.38,36.851,37.281,37.758,38.261,38.752,39.255,39.778,40.291,40.813,41.333,41.88,41.479,40.881,41.379,41.695,39.518,40.093,36.422,37.101,42.072,42.603,45.962,47.042,47.703,48.282,49.607,52.296,53.135,53.694,54.426,54.72,54.392,55.966,56.555,57.089,57.442,58.472,59.073,59.588,60.123,60.804,61.428,61.791,62.283,62.852,63.344,63.814,64.009,64.178,64.64,65.606,65.942,66.144,64.656,64.079,67.236,67.536,67.812,
United Arab Emirates,ARE,Asia,Middle East & North Africa,"Life expectancy at birth, female (years)",SP.DYN.LE00.FE.IN,54.635,55.611,56.605,57.624,58.647,59.673,60.776,61.844,62.898,63.921,64.902,65.83,66.698,67.505,68.252,68.938,69.565,70.135,70.654,71.126,71.555,71.947,72.304,72.627,72.914,73.162,73.371,73.537,73.66,73.743,73.787,73.793,73.761,73.713,73.721,73.866,74.238,74.903,75.88,77.038,78.229,79.343,80.315,81.11,81.737,82.222,82.585,82.837,82.986,83.044,83.044,83.021,83.01,83.046,83.157,83.328,83.529,83.732,83.912,84.047,83.9,80.926,82.115,84.204,84.319,
Azerbaijan,AZE,Asia,Europe & Central Asia,"Life expectancy at birth, female (years)",SP.DYN.LE00.FE.IN,54.873,55.513,56.163,56.802,57.402,58.017,58.645,59.201,59.732,60.24,60.729,61.171,61.594,61.973,62.335,62.691,63.201,63.579,63.92,64.156,64.477,64.725,64.959,65.183,65.019,65.483,65.201,65.577,65.568,65.982,66.145,66.013,65.484,65.788,65.981,65.756,66.477,66.653,67.341,67.877,68.595,68.906,69.618,69.939,70.371,70.712,71.603,71.789,72.318,72.61,73.101,73.517,73.888,74.52,74.818,75.344,75.342,75.622,75.946,76.235,73.799,73.744,76.674,77.134,77.285,
Bangladesh,BGD,Asia,South Asia,"Life expectancy at birth, female (years)",SP.DYN.LE00.FE.IN,43.178,44.016,44.926,44.767,45.876,44.945,46.715,47.106,47.405,47.654,40.709,32.715,48.58,48.844,48.6,49.581,49.913,50.241,50.594,50.992,51.365,51.782,52.236,52.762,53.263,53.437,54.238,54.608,54.913,55.259,55.574,53.102,56.404,56.959,57.633,58.362,59.194,60.064,60.954,61.893,62.813,63.703,64.548,65.321,66.01,66.668,67.273,67.743,68.451,69.058,69.687,70.323,70.944,71.538,72.095,72.597,73.066,73.51,73.953,74.399,73.428,72.847,76.051,76.373,76.667,
Bahrain,BHR,Asia,Middle East & North Africa,"Life expectancy at birth, female (years)",SP.DYN.LE00.FE.IN,52.554,54.161,55.813,57.353,58.828,60.235,61.569,62.825,64,65.09,66.093,67.007,67.791,68.581,69.254,69.861,70.409,70.902,71.368,71.787,72.144,72.46,72.732,72.963,73.151,73.291,73.376,73.412,73.407,73.391,73.397,73.457,73.599,73.837,74.15,74.51,74.888,75.253,75.585,75.88,76.149,76.404,76.658,76.926,77.222,77.551,77.918,78.326,78.772,79.25,79.733,80.196,80.611,80.95,81.19,81.344,81.432,81.478,81.507,81.54,80.954,78.844,81.809,81.987,82.127,
Brunei Darussalam,BRN,Asia,East Asia & Pacific,"Life expectancy at birth, female (years)",SP.DYN.LE00.FE.IN,58.996,59.633,60.1,60.848,61.42,61.857,62.521,63.055,63.598,64.144,64.704,65.276,65.862,66.501,67.069,67.644,68.207,68.775,69.272,69.772,70.29,70.739,71.207,71.64,71.99,72.349,72.68,72.99,73.189,73.482,73.773,74.059,74.345,74.64,74.904,75.191,75.465,75.721,75.971,76.181,76.386,76.569,76.708,76.823,76.912,76.976,77.03,77.06,77.08,77.087,77.082,77.097,77.092,77.107,77.107,77.124,77.145,77.181,77.23,77.286,77.35,77.032,74.813,77.555,77.733,
Bhutan,BTN,Asia,South Asia,"Life expectancy at birth, female (years)",SP.DYN.LE00.FE.IN,37.328,37.615,37.967,38.362,38.806,39.299,39.828,40.392,40.985,41.581,42.181,42.814,43.483,44.151,44.823,45.482,46.224,46.974,47.735,48.528,49.32,50.11,50.918,51.701,52.451,53.182,53.999,54.817,55.621,56.405,57.141,57.8,58.578,59.293,59.785,60.711,61.441,62.13,62.848,63.573,63.446,64.891,65.617,66.31,66.949,67.547,68.258,68.886,69.44,69.816,70.512,71.052,71.513,71.894,72.215,72.487,72.876,73.246,73.585,73.898,74.191,74.365,74.722,74.965,75.27,
China,CHN,Asia,East Asia & Pacific,"Life expectancy at birth, female (years)",SP.DYN.LE00.FE.IN,34.858,41.897,53.189,53.87,54.532,55.224,55.803,56.502,57.226,57.99,58.779,59.605,60.469,61.484,62.347,63.114,63.276,64.671,65.332,65.95,66.508,67.077,67.572,68.071,68.51,68.924,69.317,69.746,70.117,70.419,70.561,71.049,71.476,72.01,72.41,73.02,73.483,73.887,74.242,74.54,74.895,75.287,75.657,76.022,76.37,76.769,77.1,77.436,77.498,78.033,78.329,78.65,78.981,79.223,79.51,79.785,80.052,80.27,80.573,80.747,80.999,80.912,81.133,80.926,80.966,
Cyprus,CYP,Asia,Europe & Central Asia,"Life expectancy at birth, female (years)",SP.DYN.LE00.FE.IN,67.299,67.935,68.45,66.445,66.856,69.64,69.957,70.365,70.667,70.94,71.329,71.639,71.956,72.338,70.794,73.33,73.68,74.046,74.436,74.844,75.329,75.626,76.143,76.392,76.872,77.327,77.787,78.049,78.189,78.597,78.674,78.827,79.04,79.003,79.044,79.258,79.547,79.826,79.838,80.184,80.475,80.885,81.318,81.485,81.555,81.81,82.165,82.52,82.76,83.02,83.238,83.382,83.666,83.746,83.706,83.855,83.934,83.871,83.765,83.633,83.652,83.016,82.577,83.668,83.8,
"Hong Kong SAR, China",HKG,Asia,East Asia & Pacific,"Life expectancy at birth, female (years)",SP.DYN.LE00.FE.IN,69.556,70.236,70.65,71.418,71.932,72.529,72.863,73.425,73.828,74.274,74.623,75.33,75.4,75.86,76.26,76.84,76.19,76.74,76.66,76.89,77.87,78.54,78.44,78.38,78.97,79.19,79.44,79.72,79.88,80.02,80.28,80.69,80.68,80.91,81.54,81.46,82.67,83.17,82.97,83.2,83.89,84.6,84.51,84.35,84.77,84.59,85.54,85.44,85.47,85.92,86,86.69,86.38,86.72,86.85,87.29,87.3,87.61,87.61,88.06,87.75,87.94,86.77,88.09,88.22,
India,IND,Asia,South Asia,"Life expectancy at birth, female (years)",SP.DYN.LE00.FE.IN,44.882,45.114,45.442,45.789,46.093,44.985,45.325,45.635,47.333,47.675,48.011,48.334,48.667,49.112,49.746,50.281,50.867,51.441,52.125,52.807,53.485,54.17,54.842,55.496,56.13,56.736,57.318,57.866,58.385,58.887,59.358,59.805,60.236,60.617,61.041,61.442,61.858,62.3,62.759,63.248,63.794,64.277,64.855,65.376,65.844,66.376,66.873,67.358,67.844,68.327,68.809,69.28,69.735,70.151,70.567,70.94,71.297,71.632,71.963,72.287,71.938,68.835,73.271,73.598,73.856,
"Iran, Islamic Rep.",IRN,Asia,Middle East & North Africa,"Life expectancy at birth, female (years)",SP.DYN.LE00.FE.IN,42.614,43.247,43.084,44.527,45.206,45.902,46.672,47.475,47.634,49.226,50.171,51.183,51.879,53.259,54.325,55.408,56.502,57.521,56.968,59.744,60.73,61.299,62.474,63.375,64.368,65.128,65.818,66.439,67.07,67.737,66.257,68.773,69.233,69.641,70.101,70.52,70.944,71.236,71.807,72.261,72.716,73.138,73.584,72.698,74.412,74.758,75.151,75.496,75.821,76.134,76.433,76.723,76.993,77.285,77.565,77.84,78.109,78.349,78.612,78.832,76.238,75.692,78.813,79.628,79.81,
Iraq,IRQ,Asia,Middle East & North Africa,"Life expectancy at birth, female (years)",SP.DYN.LE00.FE.IN,54.761,55.896,57.047,58.044,58.753,59.967,60.852,61.641,62.135,62.821,63.376,64.002,64.444,65.019,65.089,65.508,66.311,66.689,67.024,67.332,67.202,67.159,67.397,67.617,67.794,67.956,68.095,68.211,65.419,63.26,63.373,66.267,68.902,68.765,68.356,67.905,67.522,66.954,66.886,66.986,67.334,67.811,68.224,68.445,68.729,69.005,69.133,69.377,69.767,70.051,70.248,70.547,70.92,71.234,71.776,72.04,72.145,72.475,72.842,73.01,72.294,72.415,73.798,74.055,74.184,
Israel,ISR,Asia,Middle East & North Africa,"Life expectancy at birth, female (years)",SP.DYN.LE00.FE.IN,,73.62,73.7,,,,73.73,73.2,72.88,72.84,72.96,73.44,72,73.23,73.27,73.93,74.8,74.7,75,75.3,75.74,75.9,75.8,76.2,76.6,77,76.8,77,75,78.1,78.4,78.5,78.4,79.1,79.4,79.5,80,80.1,80.3,80.4,80.9,81.2,81.5,81.8,82.4,82.2,82.5,82.4,83,83.3,83.6,83.5,83.6,83.9,84.1,84.1,84.2,84.6,84.8,84.7,84.8,84.6,84.8,85.5,85.4,
Jordan,JOR,Asia,Middle East & North Africa,"Life expectancy at birth, female (years)",SP.DYN.LE00.FE.IN,53.078,54.143,55.168,56.108,57.109,58.015,58.549,59.771,60.624,61.433,61.4,62.931,63.562,64.174,64.761,65.303,65.795,66.232,66.708,67.105,67.492,67.865,68.307,68.762,69.22,69.655,70.12,70.553,70.96,71.308,71.608,71.868,72.112,72.34,72.605,72.848,73.097,73.378,73.586,73.829,74.09,74.292,74.506,74.749,74.942,75.169,75.431,75.622,75.764,75.938,76.02,76.183,76.359,76.569,76.873,77.295,77.814,78.378,78.834,79.231,78.252,76.645,79.433,80.192,80.335,
Japan,JPN,Asia,East Asia & Pacific,"Life expectancy at birth, female (years)",SP.DYN.LE00.FE.IN,70.19,70.79,71.16,72.34,72.87,72.92,73.61,74.15,74.3,74.67,74.66,75.58,75.94,76.02,76.31,76.89,77.35,77.95,78.33,78.89,78.76,79.13,79.66,79.78,80.18,80.48,80.93,81.39,81.3,81.77,81.9,82.11,82.22,82.51,82.98,82.85,83.59,83.82,84.01,83.99,84.6,84.93,85.23,85.33,85.59,85.52,85.81,85.99,86.05,86.44,86.3,85.9,86.41,86.61,86.83,86.99,87.14,87.26,87.32,87.45,87.71,87.57,87.09,87.14,87.13,
Kazakhstan,KAZ,Asia,Europe & Central Asia,"Life expectancy at birth, female (years)",SP.DYN.LE00.FE.IN,62.926,63.179,63.432,63.682,63.929,64.173,64.413,64.638,64.864,65.09,65.316,65.536,65.751,65.96,66.167,66.369,66.575,66.806,67.051,67.32,67.619,67.952,68.317,68.693,69.056,69.389,69.673,69.882,70.007,70.053,70.022,69.922,69.766,69.575,69.388,69.209,69.137,69.132,69.227,69.413,69.665,69.963,70.284,70.614,70.943,71.311,71.705,72.146,72.642,73.195,73.776,74.382,74.971,75.526,76.031,76.482,76.876,77.215,77.503,77.743,75.468,74.07,77.752,78.394,78.515,
Kyrgyz Republic,KGZ,Asia,Europe & Central Asia,"Life expectancy at birth, female (years)",SP.DYN.LE00.FE.IN,59.204,59.508,59.81,60.087,60.357,60.654,60.969,61.316,61.602,61.922,62.171,62.468,62.811,63.199,63.596,63.831,64.01,64.225,64.547,65.015,65.498,65.888,66.219,66.193,66.474,67.123,68.033,68.727,68.817,71.8,72.6,72.7,72.2,71.7,70.7,70.4,71,71.4,71.2,72.6,72.4,72.6,72.1,72.2,72.2,71.9,72.1,72.3,72.6,73.2,73.5,73.7,74.1,74.3,74.5,74.8,75.1,75.4,75.6,75.8,76,76.1,76.3,76.5,76.6,
Cambodia,KHM,Asia,East Asia & Pacific,"Life expectancy at birth, female (years)",SP.DYN.LE00.FE.IN,43.234,43.766,44.342,44.886,45.419,45.938,46.446,47.052,47.446,47.899,47.382,47.638,47.911,47.967,48.165,15.221,13.139,12.749,13.374,49.963,51.375,51.94,52.756,53.319,54.033,54.736,55.446,56.286,56.821,57.31,57.757,57.843,58.012,58.165,58.273,58.652,58.862,59.242,59.779,60.567,61.465,62.478,63.558,64.549,65.334,66.101,66.869,67.497,68.114,68.774,69.364,69.972,70.554,71.014,71.404,71.717,71.981,72.198,72.389,72.561,72.657,71.834,73.072,73.187,73.357,
"Korea, Rep.",KOR,Asia,East Asia & Pacific,"Life expectancy at birth, female (years)",SP.DYN.LE00.FE.IN,56.336,57.045,57.577,57.673,58.259,58.99,58.737,64.804,64.922,65.435,65.8,66.3,66.8,67.3,67.8,68.2,68.6,69.1,69.5,69.9,70.4,70.9,71.5,71.9,72.6,73.2,73.8,74.3,74.8,75.3,75.9,76.4,76.8,77.3,77.7,77.9,78.3,78.7,79,79.2,79.7,80.1,80.3,80.8,81.2,81.6,82.1,82.5,83,83.4,83.6,84,84.2,84.6,85,85.2,85.4,85.7,85.7,86.3,86.5,86.6,85.6,86.4,86.6,
Kuwait,KWT,Asia,Middle East & North Africa,"Life expectancy at birth, female (years)",SP.DYN.LE00.FE.IN,61.184,62.188,63.191,64.184,65.159,66.108,67.027,67.9,68.713,69.453,70.111,70.679,71.165,71.587,71.963,72.306,72.64,72.971,73.31,73.664,74.039,74.44,74.868,75.309,75.746,76.166,76.555,76.903,77.206,77.461,76.876,77.614,77.918,77.963,77.972,77.964,77.96,77.98,78.052,78.159,78.289,78.428,78.563,78.679,78.778,78.868,78.959,79.061,79.182,79.329,79.502,79.701,79.927,80.178,80.452,80.718,80.997,81.236,81.435,83.03,80.4,79.3,81.1,83.7,85.4,
Lao PDR,LAO,Asia,East Asia & Pacific,"Life expectancy at birth, female (years)",SP.DYN.LE00.FE.IN,42.579,42.804,43.211,43.418,43.686,44.168,44.272,44.727,45.048,45.302,45.599,45.951,46.216,46.474,46.708,46.927,46.921,47.306,47.699,48.323,49.159,49.834,50.511,51.052,51.619,52.223,52.807,53.358,53.962,54.638,55.145,55.825,56.253,56.798,57.082,57.693,58.175,58.695,59.02,59.324,59.875,60.568,61.114,61.705,62.376,63.07,63.57,64.222,64.692,65.432,66.083,66.882,67.452,68.001,68.553,68.896,69.26,69.561,69.815,70.156,71.045,70.072,71,71.25,71.53,
Lebanon,LBN,Asia,Middle East & North Africa,"Life expectancy at birth, female (years)",SP.DYN.LE00.FE.IN,65.917,66.224,66.556,66.82,66.995,67.188,67.356,67.507,67.624,67.725,67.811,67.89,67.966,68.05,68.15,67.045,45.497,64.171,63.974,63.704,63.989,64.285,54.704,67.21,67.537,67.845,68.161,66.183,66.51,70.882,71.196,72.07,72.408,72.937,73.478,73.867,74.171,74.528,74.814,75.173,75.608,76.161,76.692,77.136,77.563,77.979,78.277,78.656,78.877,79.154,79.386,79.6,79.762,79.861,79.968,80.096,80.171,80.13,80.093,80.048,78.669,76.357,79.864,79.734,79.857,
Libya,LBY,Asia,Middle East & North Africa,"Life expectancy at birth, female (years)",SP.DYN.LE00.FE.IN,43.05,44.428,45.889,47.111,48.983,50.528,52.122,53.608,55.005,56.446,57.807,59.248,60.544,61.718,62.883,63.92,64.868,65.662,66.429,67.08,67.613,68.161,68.641,69.099,69.537,69.959,70.368,70.803,71.133,71.51,71.84,72.142,72.41,72.608,72.788,72.871,72.866,72.815,72.723,72.692,72.672,72.835,73.029,73.242,73.463,73.689,73.846,74.029,74.248,74.417,74.606,73.714,74.982,75.078,75.018,75.248,75.483,75.875,76.17,76.203,75.7,74.938,77.152,70.416,72.679,
Sri Lanka,LKA,Asia,South Asia,"Life expectancy at birth, female (years)",SP.DYN.LE00.FE.IN,62.6,63.15,63.648,64.122,64.522,65.02,65.431,65.887,66.195,66.443,66.64,66.75,66.931,67.129,67.366,67.812,68.324,68.956,69.439,70.232,70.808,71.33,71.784,72.101,72.503,72.863,73.158,73.421,73.689,72.86,74.187,74.359,74.574,74.777,74.963,75.041,75.041,75.251,75.49,75.762,76.292,76.481,76.734,76.624,71.037,77.061,77.173,77.34,77.69,75.335,78.2,78.342,78.624,78.934,79.194,79.395,79.507,79.592,79.812,79.888,80.066,79.522,80.451,80.593,80.746,
"Macao SAR, China",MAC,Asia,East Asia & Pacific,"Life expectancy at birth, female (years)",SP.DYN.LE00.FE.IN,65.303,65.886,66.617,67.052,67.374,67.924,68.346,68.869,69.415,69.869,70.163,70.792,71.366,71.862,72.214,72.684,73.21,73.549,73.915,74.385,74.809,75.293,75.612,75.943,76.319,76.77,77.04,77.439,77.751,78.176,78.428,78.744,79.085,79.432,79.808,78.5,79.9,79.9,80.5,81.3,83,83.2,83.2,83.4,83.4,83.8,84.7,84.7,85.1,85.3,85.5,85.8,85.8,86,86.3,86.4,86.4,86.6,86.7,86.9,87.1,86.7,86,86.1,86.2,
Maldives,MDV,Asia,South Asia,"Life expectancy at birth, female (years)",SP.DYN.LE00.FE.IN,39.003,39.367,39.766,40.21,40.71,41.239,41.819,42.451,43.159,43.938,44.794,45.72,46.74,47.833,48.983,50.152,51.32,52.459,51.079,54.564,55.532,56.469,57.389,58.307,59.22,60.111,60.964,61.794,62.608,63.407,64.199,65.012,65.832,66.647,67.468,68.268,69.078,69.855,70.63,71.475,72.195,73.068,73.812,74.803,74.337,76.321,76.862,77.361,77.7,78.05,78.443,78.806,79.152,79.507,79.788,80.146,80.403,80.788,81.136,81.514,80.386,79.699,82.546,82.819,83,
Myanmar,MMR,Asia,East Asia & Pacific,"Life expectancy at birth, female (years)",SP.DYN.LE00.FE.IN,45.842,46.346,47.078,47.713,48.49,49.187,50.012,50.761,51.349,51.987,52.528,53.038,53.426,53.785,54.173,54.624,55.035,55.423,55.758,56.215,56.575,56.915,57.315,57.631,57.919,58.202,58.491,58.787,59.041,59.345,59.657,59.948,60.353,60.696,61.087,61.513,62.151,62.612,63.005,63.208,63.509,63.799,64.092,64.325,64.533,64.778,65.076,65.365,57.592,66.067,66.456,66.892,67.252,67.595,68.026,68.352,68.673,68.918,69.224,69.478,69.702,68.824,69.935,70.164,70.378,
Mongolia,MNG,Asia,East Asia & Pacific,"Life expectancy at birth, female (years)",SP.DYN.LE00.FE.IN,46.902,47.632,48.351,49.091,49.799,50.483,51.099,51.833,52.474,53.083,53.69,54.275,54.823,55.304,55.725,56.066,56.337,56.551,56.727,56.894,57.08,57.303,57.567,57.865,58.195,58.548,58.93,59.346,59.797,60.558,61.397,62.525,63.257,63.755,63.925,63.979,64.018,64.228,64.747,65.476,66.13,66.26,66.47,66.5,67.77,68.61,69.38,70.23,70.98,71.79,72.26,73.76,74.32,75.01,75.49,75.84,75.1,75.44,75.78,75.96,76.22,76.47,76.7,76.85,77.1,
Malaysia,MYS,Asia,East Asia & Pacific,"Life expectancy at birth, female (years)",SP.DYN.LE00.FE.IN,58.177,59.057,59.919,60.775,61.648,62.405,62.969,63.351,63.815,64.312,64.774,65.279,65.776,66.301,66.821,67.348,68.057,68.763,69.429,69.876,70.357,70.799,71.218,71.546,71.888,72.265,72.591,72.86,73.037,73.223,73.407,73.682,73.982,74.287,74.515,74.69,74.887,75.143,75.281,75.331,75.581,75.878,76.231,76.505,76.788,77.112,77.394,77.658,77.837,77.962,78.063,78.17,78.218,78.133,78.061,78.032,78.13,78.262,78.431,78.604,78.769,76.712,78.193,79.37,79.521,
Nepal,NPL,Asia,South Asia,"Life expectancy at birth, female (years)",SP.DYN.LE00.FE.IN,38.848,39.082,39.355,39.633,40.175,40.563,41.035,41.517,42.032,42.655,43.063,43.531,44.032,44.446,44.841,45.525,45.953,46.678,47.275,47.822,48.365,48.663,49.143,49.61,50.158,50.947,51.74,52.645,53.46,54.474,55.343,56.472,57.763,58.881,59.903,60.688,61.58,62.379,63.047,63.456,64.157,64.964,65.63,66.239,66.856,67.317,67.877,68.103,68.299,68.354,68.35,68.563,68.787,68.975,69.158,68.593,69.771,70.092,70.422,70.7,70.772,69.89,71.56,71.837,72.138,
Oman,OMN,Asia,Middle East & North Africa,"Life expectancy at birth, female (years)",SP.DYN.LE00.FE.IN,37.732,38.649,39.656,40.742,41.896,43.093,44.317,45.556,46.805,48.06,49.17,50.415,51.786,53.053,54.327,55.611,56.975,58.007,59.601,60.907,62.19,63.377,64.636,65.775,66.846,67.843,68.765,69.609,70.381,71.092,71.752,72.37,72.953,73.506,74.031,74.528,74.998,75.44,75.855,76.24,76.596,76.921,77.207,77.434,77.742,77.989,78.247,78.388,78.852,79.209,79.591,79.98,80.359,80.71,81.019,81.282,81.498,81.669,81.793,81.873,79.477,77.704,79.332,81.882,82.046,
Pakistan,PAK,Asia,Middle East & North Africa,"Life expectancy at birth, female (years)",SP.DYN.LE00.FE.IN,41.986,42.817,43.743,44.755,46.108,46.794,48.284,49.45,50.443,51.279,52.033,50.046,53.187,53.616,53.966,54.6,55.129,55.776,56.573,57.392,58.184,58.918,59.524,59.9,60.096,60.147,60.198,60.275,60.462,60.65,60.845,60.9,60.854,60.826,60.933,61.031,61.278,61.552,62.035,62.503,62.936,63.335,63.726,64.106,64.514,63.926,65.459,65.867,66.227,66.491,66.746,67.033,67.283,67.533,67.817,68.086,68.396,68.674,68.938,69.2,68.447,68.299,69.928,70.163,70.322,
Philippines,PHL,Asia,East Asia & Pacific,"Life expectancy at birth, female (years)",SP.DYN.LE00.FE.IN,61.111,61.497,61.894,62.155,62.326,62.71,63.013,63.304,63.483,63.642,63.489,63.812,63.727,63.63,63.73,63.858,63.771,64.458,64.691,64.976,65.231,65.36,65.67,65.861,65.915,66.226,66.443,66.813,67.197,67.619,67.907,68.155,68.773,69.146,69.43,69.73,70.142,70.404,70.605,70.917,71.215,71.2,71.409,71.497,71.885,72.143,71.541,71.88,71.949,71.966,72.112,72.229,72.373,72.332,72.401,72.527,72.749,73.421,72.807,72.702,72.76,69.7,72.446,72.819,72.962,
"Korea, Dem. People's Rep.",PRK,Asia,East Asia & Pacific,"Life expectancy at birth, female (years)",SP.DYN.LE00.FE.IN,57.595,58.214,58.817,59.41,60.008,60.628,61.272,61.943,62.623,63.288,63.947,64.585,65.203,65.784,66.345,66.876,67.419,67.922,68.438,68.915,69.411,69.886,70.347,70.79,71.196,71.579,71.92,72.183,72.498,72.752,73.004,73.278,73.791,73.786,73.69,63.588,63.683,63.76,63.813,63.871,63.904,63.914,63.924,72.95,72.897,72.813,72.741,72.643,72.789,72.957,73.257,73.57,73.92,74.304,74.684,74.992,75.198,75.461,75.64,75.863,75.691,75.487,75.72,75.744,75.88,
West Bank and Gaza,PSE,Asia,Middle East & North Africa,"Life expectancy at birth, female (years)",SP.DYN.LE00.FE.IN,,,,,,,,,,,,,,,,,,,,,,,,,,,,,,,69.397,69.749,70.073,70.475,70.86,71.18,71.473,71.76,72.004,72.233,72.376,72.585,72.883,73.27,73.537,73.869,74.083,74.328,74.191,74.324,75.104,75.458,75.772,76.165,75.609,76.733,77.053,77.343,77.609,78.092,77.603,76.44,79.144,71.502,74.252,
Qatar,QAT,Asia,Middle East & North Africa,"Life expectancy at birth, female (years)",SP.DYN.LE00.FE.IN,59.94,60.643,61.355,62.073,62.792,63.508,64.215,64.907,65.582,66.236,66.867,67.479,68.072,68.643,69.185,69.702,70.184,70.633,71.045,71.425,71.775,72.132,72.431,72.709,72.969,73.217,73.455,73.685,73.909,74.125,74.334,74.532,74.72,74.897,75.065,75.227,75.388,75.553,75.725,75.915,76.133,76.388,76.689,77.047,77.46,77.918,78.41,78.928,79.461,79.999,80.533,81.054,81.552,82.019,82.448,82.837,83.19,83.51,83.8,84.064,82.165,82.184,82.804,83.368,83.479,
Russian Federation,RUS,Asia,Europe & Central Asia,"Life expectancy at birth, female (years)",SP.DYN.LE00.FE.IN,71.784,72.099,72.094,72.66,73.052,73.068,73.281,73.219,73.322,73.13,73.44,73.77,73.62,73.56,73.77,73.23,73.05,73.2,73.23,73.02,72.96,73.19,73.64,73.42,72.97,73.24,74.23,74.27,74.53,74.35,74.3,73.75,71.99,71.2,71.73,71.59,72.4,72.84,73.13,72.4,72.26,72.17,71.9,71.85,72.36,72.47,73.34,74.02,74.28,74.79,74.88,75.61,75.86,76.3,76.47,76.71,77.06,77.64,77.82,78.17,76.43,74.51,77.77,78.73,78.88,
Saudi Arabia,SAU,Asia,Middle East & North Africa,"Life expectancy at birth, female (years)",SP.DYN.LE00.FE.IN,47.671,48.229,48.806,49.406,50.029,50.694,51.39,52.128,52.914,53.758,54.657,55.62,56.62,57.643,58.669,59.67,60.673,61.634,62.562,63.444,64.297,65.097,65.85,66.56,67.233,67.868,68.485,69.074,69.637,70.174,70.683,71.152,71.607,72.021,72.407,72.768,73.109,73.433,73.743,74.049,74.344,74.689,75.055,75.46,75.901,76.359,76.819,77.23,77.571,77.81,78.038,78.244,78.48,78.792,79.21,79.678,80.112,80.429,80.543,80.375,80.055,79.881,80.159,81.156,81.33,
Singapore,SGP,Asia,East Asia & Pacific,"Life expectancy at birth, female (years)",SP.DYN.LE00.FE.IN,69.145,69.521,70,70.474,70.681,70.851,71.125,71.206,71.518,71.758,72.053,72.288,72.437,72.703,73.149,73.639,74.063,74.192,74.326,74.391,74.7,75.2,75.3,75.7,75.8,76.4,76.5,76.7,76.9,77.2,77.6,77.9,78.2,78.3,78.4,78.6,78.9,79.1,79.4,79.6,80,80.3,80.6,81.6,82,82.5,82.6,82.9,83.3,83.7,84,84.1,84.3,84.5,84.8,85.1,85.1,85.4,85.5,85.9,85.9,85.5,85.2,85.3,85.6,
Syrian Arab Republic,SYR,Asia,Middle East & North Africa,"Life expectancy at birth, female (years)",SP.DYN.LE00.FE.IN,53.535,54.394,55.202,55.947,56.67,57.369,58.063,58.766,59.576,60.323,61.169,62.03,62.8,63.594,64.872,66.047,67.033,67.82,68.521,68.891,69.156,67.817,65.542,69.484,69.711,69.925,70.274,70.717,71.192,71.646,72.145,72.511,72.744,72.806,72.717,72.523,72.367,72.263,72.257,72.452,72.747,73.171,73.656,74.167,74.552,74.85,75.097,75.36,75.469,75.603,75.618,74.86,71.525,70.871,71.198,70.646,71.924,71.877,72.185,74.253,74.808,74.594,75.204,74.412,74.916,
Thailand,THA,Asia,East Asia & Pacific,"Life expectancy at birth, female (years)",SP.DYN.LE00.FE.IN,52.339,52.983,53.458,54.047,54.682,55.361,56.071,56.74,57.495,58.29,59.114,59.781,60.463,61.124,61.935,62.722,63.51,64.165,64.689,65.291,65.917,66.575,67.218,67.967,68.878,69.761,70.492,71.04,71.481,71.919,72.384,72.706,73.016,73.267,73.6,73.909,74.255,74.506,74.685,74.975,75.244,75.591,75.717,75.97,75.845,76.61,76.967,77.313,77.716,78.19,78.738,79.247,79.672,80.109,80.497,80.858,81.105,81.383,81.629,81.763,81.904,82.098,79.79,80.861,80.978,
Tajikistan,TJK,Asia,Europe & Central Asia,"Life expectancy at birth, female (years)",SP.DYN.LE00.FE.IN,54.626,55.039,55.52,55.947,56.375,56.813,57.269,57.681,58.053,58.402,58.709,59.005,59.281,59.568,59.819,60.069,60.282,60.454,60.616,60.749,60.871,60.994,62.246,62.727,62.829,62.847,63.574,63.308,64.183,63.903,63.985,63.873,63.336,63.762,63.597,63.864,63.521,64.403,64.832,65.668,66.086,66.215,67.381,68.169,69.239,69.12,69.582,70.126,70.606,70.998,71.074,71.297,71.715,71.966,72.127,72.156,72.317,72.717,72.974,73.182,71.088,71.863,73.776,73.976,74.141,
Turkmenistan,TKM,Asia,Europe & Central Asia,"Life expectancy at birth, female (years)",SP.DYN.LE00.FE.IN,56.525,56.913,57.296,57.677,58.052,58.434,58.822,59.209,59.576,59.904,60.188,60.421,60.614,60.782,60.939,61.104,61.288,61.516,62.039,62.776,63.696,64.364,64.851,65.173,65.484,65.825,66.15,66.451,66.69,66.905,67.047,67.108,67.032,66.937,66.894,66.945,67.046,67.294,67.683,68.195,68.622,68.993,69.306,69.656,69.934,70.183,70.417,70.76,71.164,71.576,71.844,71.985,72.018,72.056,72.091,72.126,72.153,72.172,72.231,72.309,71.928,72.189,72.682,72.839,73.006,
Timor-Leste,TLS,Asia,East Asia & Pacific,"Life expectancy at birth, female (years)",SP.DYN.LE00.FE.IN,33.882,34.278,34.694,35.137,35.626,36.133,36.655,37.185,37.729,38.303,38.869,39.424,39.964,40.491,37.886,30.551,32.504,30.988,28.237,29.729,37.589,38.827,40.159,40.721,43.048,42.791,43.261,44.801,44.812,46.303,46.57,46.573,47.695,48.556,49.367,49.118,49.916,50.755,50.386,48.717,59.645,60.355,61.082,61.741,62.357,62.917,63.542,64.052,64.509,64.912,65.341,65.741,66.102,66.433,66.737,67.033,67.311,67.609,67.955,68.285,68.871,67.959,69.131,69.436,69.672,
Turkiye,TUR,Asia,Europe & Central Asia,"Life expectancy at birth, female (years)",SP.DYN.LE00.FE.IN,53.822,54.605,55.338,56.234,56.773,57.283,57.744,58.379,58.954,59.524,60.047,60.603,61.353,61.989,62.6,63.097,63.631,64.546,65.42,65.944,66.441,66.85,67.328,67.904,68.53,69.051,69.561,70.047,70.618,71.081,71.519,71.963,72.332,72.739,73.134,73.522,73.933,74.303,74.67,74.051,75.365,75.689,76.011,76.319,76.591,76.909,77.158,77.468,77.702,77.997,78.212,78.121,78.813,79.365,79.582,79.74,79.858,80.252,80.634,80.89,79.887,79.004,80.719,79.855,80.342,
Uzbekistan,UZB,Asia,Europe & Central Asia,"Life expectancy at birth, female (years)",SP.DYN.LE00.FE.IN,58.759,59.129,59.507,59.895,60.295,60.693,61.091,61.497,61.901,62.304,62.707,63.097,63.466,63.803,64.127,64.429,64.718,65.01,65.293,65.582,65.864,66.118,66.373,66.661,67.028,67.432,67.813,68.153,68.366,68.458,68.468,68.504,68.259,67.968,67.637,67.821,68.072,68.267,68.259,68.366,68.616,69.001,69.49,69.858,70.185,70.424,70.879,71.516,72.008,72.435,72.663,72.99,73.314,73.634,73.937,74.212,74.493,74.794,75.174,75.374,74.462,74.485,75.346,75.401,75.547,
Viet Nam,VNM,Asia,East Asia & Pacific,"Life expectancy at birth, female (years)",SP.DYN.LE00.FE.IN,61.189,61.718,61.798,61.124,61.503,61.55,61.709,61.698,58.859,60.573,60.79,61.377,58.754,61.7,61.14,66.541,68.008,68.481,69.012,69.551,69.929,70.279,70.531,70.695,70.965,71.288,71.698,72.131,72.53,72.736,73.056,73.309,73.504,73.727,73.961,74.543,75.019,75.531,76.371,76.991,77.278,77.673,78.014,78.186,77.807,77.951,78.049,78.152,78.213,78.272,78.377,78.439,78.465,78.524,78.598,78.7,78.762,78.79,78.863,78.972,80.314,78.771,79.211,79.264,79.382,
"Yemen, Rep.",YEM,Asia,Middle East & North Africa,"Life expectancy at birth, female (years)",SP.DYN.LE00.FE.IN,36.028,36.592,36.67,36.685,37.788,38.534,39.214,40.042,40.878,42.277,43.093,44.059,44.987,45.885,46.786,47.66,48.575,49.569,50.622,51.613,52.671,53.685,54.28,55.54,56.453,57.257,57.761,58.652,59.2,59.822,60.288,60.764,61.194,61.616,62.011,62.468,62.836,63.292,63.708,64.161,64.616,65.098,65.669,66.284,66.731,67.234,67.679,68.121,68.488,68.812,69.143,69.397,69.609,69.909,70.038,69.708,69.961,70.122,69.883,70.061,69.805,69.17,70.319,71.388,71.549,
Angola,AGO,Africa,Sub-Saharan Africa,"Life expectancy at birth, female (years)",SP.DYN.LE00.FE.IN,39.739,39.885,40.218,40.507,40.813,41.12,41.487,41.837,42.23,42.577,42.964,43.311,43.702,44.04,44.419,44.179,44.233,44.585,44.889,45.184,45.47,45.75,46.016,45.456,45.686,45.891,46.072,44.624,45.125,45.315,45.43,46.844,45.563,46.723,47.745,48.16,48.402,48.684,48.047,49.003,49.132,50.047,50.367,52.181,53.074,54.051,54.811,56.041,57.162,58.129,59.221,60.21,61.157,62.009,62.728,63.412,64.009,64.527,65.057,65.506,65.774,65.441,66.753,67.144,67.344,
Burundi,BDI,Africa,Sub-Saharan Africa,"Life expectancy at birth, female (years)",SP.DYN.LE00.FE.IN,44.713,44.657,44.766,44.86,44.895,43.736,44.806,44.636,44.641,44.372,44.547,44.471,28.179,39.216,44.56,44.712,44.979,45.211,45.66,46.361,47.063,47.79,48.412,48.894,49.202,49.233,49.053,48.844,45.354,47.538,46.962,46.477,46.18,39.418,46.226,46.428,46.76,47.671,48.676,49.486,49.914,50.868,51.879,52.735,53.805,54.589,55.47,56.308,57.104,57.917,58.532,59.251,59.95,60.689,61.33,61.874,62.502,63.124,63.615,64.028,64.58,64.111,64.916,65.697,65.881,
Benin,BEN,Africa,Sub-Saharan Africa,"Life expectancy at birth, female (years)",SP.DYN.LE00.FE.IN,40.694,41.271,41.637,42.081,42.556,43.056,43.224,43.692,44.18,44.642,45.103,45.403,46.004,46.491,46.983,47.556,48.231,48.912,49.415,49.882,50.332,50.77,51.213,51.636,52.256,52.872,53.581,54.159,54.926,55.373,55.899,56.247,56.863,57.119,57.331,57.552,57.613,57.91,58.015,58.169,58.286,58.249,58.292,58.409,58.565,58.903,59.13,59.365,59.095,59.178,59.265,59.33,59.45,59.798,59.96,60.096,60.291,60.632,60.752,61.069,61.569,60.825,61.75,62.208,62.416,
Burkina Faso,BFA,Africa,Sub-Saharan Africa,"Life expectancy at birth, female (years)",SP.DYN.LE00.FE.IN,37.252,37.564,37.954,38.3,38.649,39.002,39.372,39.717,40.069,40.355,40.944,41.28,41.75,42.296,43.03,43.801,44.61,45.448,46.28,46.972,47.743,48.086,48.823,49.2,49.558,49.8,49.998,50.101,50.147,50.181,50.232,50.283,50.381,50.467,50.577,50.714,50.909,50.814,51.473,51.819,52.205,52.609,52.857,53.361,53.977,54.656,55.218,55.808,56.646,57.229,57.791,58.494,58.954,59.416,59.874,60.364,60.768,61.195,61.604,61.948,62.314,61.831,62.558,63.222,63.432,
Botswana,BWA,Africa,Sub-Saharan Africa,"Life expectancy at birth, female (years)",SP.DYN.LE00.FE.IN,53.123,53.716,54.23,54.807,55.368,55.915,56.487,57.018,57.55,58.093,58.624,59.249,59.864,60.508,61.18,61.813,62.555,63.263,63.948,64.544,65.124,65.646,66.076,66.416,66.618,66.707,66.506,66.145,65.098,64.738,63.728,62.503,61.257,59.983,58.725,57.663,56.664,55.733,54.953,54.345,54.023,53.957,54.167,54.66,55.38,56.279,56.709,58.395,59.376,60.481,61.487,61.903,62.417,63.176,64.087,65.183,66.387,67.612,68.696,69.585,70.358,65.511,71.247,71.698,71.851,
Central African Republic,CAF,Africa,Sub-Saharan Africa,"Life expectancy at birth, female (years)",SP.DYN.LE00.FE.IN,40.634,41.112,41.611,42.133,42.678,43.236,43.799,44.394,45,45.606,46.213,46.82,47.407,47.975,48.526,49.053,49.558,50.032,50.473,50.876,51.232,51.536,51.783,51.966,52.109,52.184,52.198,52.152,52.048,51.887,51.667,51.375,50.999,50.698,50.272,49.818,49.368,48.85,48.491,48.169,47.647,47.716,47.848,48.105,48.459,48.979,49.553,50.184,50.701,20.006,49.364,51.809,52.838,52.2,45.664,54.187,53.853,50.067,55.201,38.771,54.011,46.032,25.552,59.29,59.562,
Cote d'Ivoire,CIV,Africa,Sub-Saharan Africa,"Life expectancy at birth, female (years)",SP.DYN.LE00.FE.IN,39.42,40.076,40.81,41.502,42.136,42.804,43.466,44.08,44.751,45.433,46.116,46.844,47.611,48.442,49.285,50.114,50.965,51.789,52.556,53.233,53.819,54.302,54.672,55.028,55.323,55.51,55.645,55.744,55.645,55.455,55.154,54.884,54.568,54.276,53.851,53.492,53.213,52.969,52.362,52.421,52.548,52.495,52.529,52.355,52.975,53.601,53.963,54.65,55.634,56.314,56.912,57.673,58.314,58.856,59.462,60.022,60.661,61.23,61.756,62.295,62.336,62.313,63.731,64.132,64.311,
Cameroon,CMR,Africa,Sub-Saharan Africa,"Life expectancy at birth, female (years)",SP.DYN.LE00.FE.IN,41.698,42.276,43.663,44.19,44.721,45.332,45.992,46.77,47.532,48.286,49.069,49.689,50.276,50.772,51.029,51.179,51.353,51.486,51.697,51.958,52.277,52.711,53.305,53.966,54.502,54.994,55.036,55.684,55.85,55.901,55.893,55.725,55.642,55.482,55.122,54.92,54.74,54.697,54.509,54.501,54.525,54.724,55.062,55.426,55.758,56.045,56.526,56.99,57.453,57.922,58.487,59.039,59.868,60.495,61.067,61.658,62.288,62.856,63.334,63.825,63.976,63.297,64.634,65.944,66.225,
"Congo, Dem. Rep.",COD,Africa,Sub-Saharan Africa,"Life expectancy at birth, female (years)",SP.DYN.LE00.FE.IN,41.936,41.639,41.826,42.036,41.914,42.431,43.262,43.518,43.779,44.066,44.458,44.721,44.965,45.211,45.41,45.612,45.731,45.862,45.773,46.22,46.416,46.579,46.827,47.076,47.373,47.461,47.827,48.216,48.693,49.187,49.686,50.193,50.697,51.247,51.501,52.131,51.69,52.608,53.004,53.406,53.835,54.127,54.351,54.757,55.175,55.631,56.077,56.485,56.933,57.448,57.994,58.493,59.026,59.499,59.938,60.397,60.858,61.307,61.816,62.153,62.535,62.137,63.116,64.038,64.23,
"Congo, Rep.",COG,Africa,Sub-Saharan Africa,"Life expectancy at birth, female (years)",SP.DYN.LE00.FE.IN,49.066,49.838,50.526,51.234,51.908,52.562,53.136,53.495,54.251,54.776,55.231,55.675,56.093,56.489,56.811,57.173,57.482,57.825,58.044,58.42,58.741,59.065,59.211,59.359,59.379,59.301,59.177,58.991,58.728,58.349,58.037,57.651,57.262,56.785,56.438,56.103,55.863,53.823,54.575,55.364,55.949,56.441,57.054,57.709,58.526,59.378,60.185,60.926,61.803,62.349,62.868,63.606,63.983,64.404,64.772,65.133,65.41,65.709,66.017,64.633,66.161,65.75,66.629,67.461,67.715,
Comoros,COM,Africa,Sub-Saharan Africa,"Life expectancy at birth, female (years)",SP.DYN.LE00.FE.IN,42.651,43.005,43.376,43.748,44.11,44.487,44.899,45.326,45.79,46.299,46.847,47.424,48.011,48.557,49.096,48.257,50.056,50.532,51.029,51.512,52.069,52.571,53.07,53.373,54.023,54.466,54.906,55.188,55.653,56.046,56.545,57.058,57.607,58.176,58.769,59.266,59.693,60.134,60.019,60.543,60.605,61.261,61.392,61.929,62.247,62.566,62.913,63.164,63.653,63.994,64.437,64.797,65.207,65.609,65.981,66.349,66.706,67.053,67.392,67.683,68,67.314,68.617,68.932,69.199,
Cabo Verde,CPV,Africa,Sub-Saharan Africa,"Life expectancy at birth, female (years)",SP.DYN.LE00.FE.IN,49.88,50.552,51.337,52.238,53.169,54.112,54.976,55.747,56.422,57.022,57.562,58.078,58.625,59.265,59.876,60.578,61.143,61.879,62.38,62.816,63.204,63.57,63.899,64.266,64.4,65.021,65.448,65.901,66.363,66.817,67.255,67.639,68.006,68.377,68.719,67.757,69.815,70.444,71.05,71.684,72.282,72.705,73.258,73.728,74.11,74.63,75.007,75.206,75.638,75.945,76.124,76.567,76.923,77.088,77.341,77.616,77.827,78.115,78.239,78.686,78.007,77.876,79.056,79.209,79.367,
Djibouti,DJI,Africa,Middle East & North Africa,"Life expectancy at birth, female (years)",SP.DYN.LE00.FE.IN,45.382,45.707,46.062,46.423,46.811,47.197,47.608,48.065,48.539,49.018,49.48,49.154,50.464,51.103,51.508,51.846,52.264,52.697,53.113,53.559,53.983,54.296,54.839,55.307,55.714,56.004,56.408,56.739,57.056,57.285,57.445,57.702,57.746,57.652,57.501,58.009,58.031,57.863,58.036,58.195,58.263,59.167,59.669,60.062,60.3,60.888,61.339,61.767,62.254,62.67,63.05,63.635,64.053,64.454,64.857,65.313,65.794,66.172,66.592,66.863,66.847,66.403,68.089,68.51,68.741,
Algeria,DZA,Africa,Middle East & North Africa,"Life expectancy at birth, female (years)",SP.DYN.LE00.FE.IN,43.858,43.77,42.706,43.607,43.429,43.27,43.155,43.122,43.189,43.381,43.738,44.234,44.894,45.679,46.607,47.669,48.903,50.279,51.822,53.78,56.031,59.084,61.247,62.742,64.086,65.431,66.486,67.189,67.657,68.079,68.242,68.512,68.727,69.139,69.219,69.535,69.918,70.517,71.031,71.51,71.944,72.295,72.842,73.027,73.642,73.962,74.283,74.556,74.827,75.074,75.319,75.547,75.769,75.986,76.183,76.377,76.57,76.75,76.928,77.091,74.943,76.65,77.592,77.696,77.912,
"Egypt, Arab Rep.",EGY,Africa,Middle East & North Africa,"Life expectancy at birth, female (years)",SP.DYN.LE00.FE.IN,47.355,48.025,48.76,49.442,50.056,50.591,51.039,51.386,51.709,51.955,52.214,52.515,52.86,53.244,53.779,54.35,54.977,55.637,56.317,57.003,57.698,58.395,59.095,59.797,60.493,61.175,61.833,62.465,63.073,63.654,64.22,64.781,65.325,65.929,66.498,67.109,67.685,68.231,68.74,69.196,69.598,69.948,70.242,70.484,70.675,70.832,70.97,71.1,71.229,71.377,71.534,71.69,71.898,72.068,72.31,72.518,72.756,72.982,73.209,73.415,71.958,70.808,73.24,73.809,74.009,
Eritrea,ERI,Africa,Sub-Saharan Africa,"Life expectancy at birth, female (years)",SP.DYN.LE00.FE.IN,39.548,40.011,40.446,40.909,41.287,41.674,39.581,42.315,42.62,42.891,43.24,43.58,42.715,43.151,41.362,41.824,45.636,46.051,46.443,46.735,47.231,47.529,47.801,39.501,40.018,40.866,41.502,49.982,50.62,50.57,52.025,52.818,53.885,54.577,55.396,56.188,56.92,57.681,57.564,54.629,58.487,59.972,60.606,61.188,61.744,62.339,63.115,63.703,64.223,64.97,65.486,66.084,66.575,66.959,67.461,67.897,68.284,68.656,69.035,69.36,69.264,68.978,69.827,70.656,70.944,
Ethiopia,ETH,Africa,Sub-Saharan Africa,"Life expectancy at birth, female (years)",SP.DYN.LE00.FE.IN,43.303,43.779,43.991,44.431,44.719,44.954,42.642,45.48,45.639,45.652,45.63,45.662,44.367,44.469,42.27,42.181,45.031,45.132,45.187,45.999,46.431,46.715,47.012,38.88,39.057,39.809,40.129,47.591,47.231,47.255,46.772,47.724,48.031,48.452,48.769,49.083,49.549,50.05,50.676,50.831,51.57,52.079,52.92,53.77,54.888,55.663,56.897,58.375,59.772,60.898,61.971,62.84,63.781,64.661,65.558,66.353,67.049,67.746,68.298,68.863,69.368,68.715,70.313,70.726,71.021,
Gabon,GAB,Africa,Sub-Saharan Africa,"Life expectancy at birth, female (years)",SP.DYN.LE00.FE.IN,49.126,49.785,50.437,51.074,51.73,52.36,52.959,53.559,54.142,54.711,55.266,55.811,56.349,56.881,57.408,57.983,58.497,58.995,59.485,60.009,60.472,60.913,61.116,61.354,61.565,61.81,61.962,62.093,62.159,62.226,62.285,62.355,62.414,62.473,62.476,62.571,62.555,62.697,62.819,62.993,63.16,63.367,63.634,63.889,64.163,64.477,64.76,65.26,65.782,66.261,66.755,67.189,67.607,68,68.385,68.653,68.919,69.181,69.421,69.764,69.716,69.607,70.341,71.052,71.243,
Ghana,GHA,Africa,Sub-Saharan Africa,"Life expectancy at birth, female (years)",SP.DYN.LE00.FE.IN,49.166,49.363,49.535,49.678,49.937,49.973,49.988,49.996,49.991,50.207,50.084,50.097,50.411,50.702,50.949,51.34,51.717,52.031,52.406,52.712,52.979,53.208,53.301,53.653,54.115,54.638,55.123,55.578,56.095,56.53,56.862,57.072,57.305,57.441,57.425,57.757,58.054,58.343,58.649,59.014,59.334,59.614,59.947,60.279,60.615,60.915,61.253,61.593,61.963,62.35,62.812,63.267,63.702,64.165,64.704,65.063,65.446,65.788,66.164,66.574,66.671,66.533,67.611,67.943,68.159,
Guinea,GIN,Africa,Sub-Saharan Africa,"Life expectancy at birth, female (years)",SP.DYN.LE00.FE.IN,37.896,38.119,38.316,38.522,38.75,38.99,39.248,39.643,39.952,40.236,40.528,40.834,41.153,41.256,41.583,41.984,42.387,42.81,43.279,43.737,44.23,44.684,45.149,45.459,46.033,46.442,46.771,47.059,47.344,47.667,48.015,48.616,49.053,49.625,49.968,50.575,51.245,51.748,52.184,52.594,52.952,53.281,53.72,54.167,54.635,55.184,55.751,56.173,56.734,57.169,57.607,58.005,58.407,58.77,58.868,59.092,59.631,59.919,60.217,60.529,60.654,60.535,61.605,61.897,62.085,
"Gambia, The",GMB,Africa,Sub-Saharan Africa,"Life expectancy at birth, female (years)",SP.DYN.LE00.FE.IN,35.309,35.812,36.38,36.868,37.364,37.855,38.338,38.867,39.315,39.806,40.379,40.925,41.434,42.029,42.552,43.155,43.874,44.403,44.566,45.624,45.937,46.438,47.182,47.909,48.552,49.19,49.889,50.531,51.406,51.99,52.632,53.273,54.058,54.882,55.541,56.217,56.842,57.273,58.182,58.607,58.985,59.278,59.609,60.001,60.453,60.747,61.233,61.416,61.787,62.048,62.434,62.805,63.139,63.482,63.822,64.251,64.773,65.134,65.516,65.927,66.122,65.446,66.5,67.534,67.752,
Guinea-Bissau,GNB,Africa,Sub-Saharan Africa,"Life expectancy at birth, female (years)",SP.DYN.LE00.FE.IN,39.268,39.505,39.756,39.742,40.013,40.279,40.556,40.851,41.158,41.463,41.773,42.088,42.405,42.734,43.415,43.755,44.094,44.439,44.787,45.135,45.48,45.835,46.197,46.483,46.847,47.185,47.456,47.793,48.255,48.632,48.921,49.252,49.606,49.958,49.901,50.707,50.951,50.128,51.694,51.572,52.723,53.198,53.705,54.258,54.847,54.93,56.127,56.826,57.229,58.23,58.929,59.602,60.24,60.871,61.506,62.119,62.687,63.246,63.77,64.305,63.684,63.87,65.854,66.362,66.546,
Equatorial Guinea,GNQ,Africa,Sub-Saharan Africa,"Life expectancy at birth, female (years)",SP.DYN.LE00.FE.IN,45.707,45.971,46.236,46.501,46.764,47.029,47.297,47.557,47.816,34.294,34.385,40.497,47.465,47.685,44.67,40.63,33.845,45.214,45.539,47.684,51.767,51.793,52.641,52.919,52.904,53.166,53.273,53.265,53.341,53.324,53.322,53.328,53.302,53.346,53.381,53.462,53.585,53.815,54.069,54.394,54.797,55.183,55.641,56.124,56.668,57.095,57.698,58.224,58.777,59.306,59.812,60.309,60.834,61.353,61.858,62.29,62.772,63.263,63.718,64.144,64.222,64.373,65.261,65.661,65.885,
Kenya,KEN,Africa,Sub-Saharan Africa,"Life expectancy at birth, female (years)",SP.DYN.LE00.FE.IN,49.913,50.781,51.569,52.233,52.817,53.356,53.796,54.151,54.716,55.131,55.552,56.073,56.64,57.21,57.81,58.402,58.991,59.581,60.156,60.592,61.051,61.42,61.747,62.097,62.389,62.603,62.644,62.63,62.335,61.995,60.006,59.489,58.798,58.214,57.379,56.872,56.263,56.168,56.315,56.624,56.76,57.261,57.605,58.18,58.853,59.517,60.229,60.81,61.455,62.052,62.575,63.057,63.37,63.615,63.969,64.344,64.669,64.933,65.003,65.1,64.24,63.636,65.869,65.92,66.122,
Liberia,LBR,Africa,Sub-Saharan Africa,"Life expectancy at birth, female (years)",SP.DYN.LE00.FE.IN,39.144,39.181,39.251,39.398,39.545,39.777,40.039,40.355,40.69,41.088,41.451,41.779,42.257,42.629,43.047,43.449,43.798,44.166,44.452,44.779,44.967,45.162,45.211,45.318,45.436,45.044,45.388,45.317,45.266,45.281,44.724,45.368,45.973,45.392,45.368,46.947,47.476,50.148,51.217,52.385,53.46,54.614,55.552,55.312,57.377,58.219,58.955,59.621,60.129,60.533,60.706,60.795,60.97,61.158,60.351,60.368,61.628,61.937,62.173,62.437,62.624,62.419,63.209,63.444,63.629,
Lesotho,LSO,Africa,Sub-Saharan Africa,"Life expectancy at birth, female (years)",SP.DYN.LE00.FE.IN,52.922,53.057,53.121,53.072,53.209,53.272,53.538,53.749,54.115,54.478,54.912,55.368,55.795,56.29,56.553,57.174,57.864,58.594,59.357,60.132,60.885,61.596,62.212,62.819,63.289,63.655,63.933,64.034,64.038,63.865,63.616,63.277,62.8,62.132,61.264,60.075,58.618,56.938,55.042,53.009,51.146,49.483,48.109,47.028,46.319,45.9,44.849,46.086,46.608,47.367,48.303,49.431,50.703,51.959,53.252,54.355,55.325,56.269,57.055,57.674,57.669,56.796,59.43,60.007,60.438,
Morocco,MAR,Africa,Middle East & North Africa,"Life expectancy at birth, female (years)",SP.DYN.LE00.FE.IN,42.486,44.667,45.121,45.669,46.259,46.852,47.433,48.057,48.639,49.188,49.706,50.207,50.712,51.221,51.759,52.338,53.031,53.802,54.602,55.472,56.392,57.27,58.163,59.021,59.809,60.636,61.415,62.112,62.76,63.389,63.959,64.486,64.956,65.487,65.983,66.364,66.86,67.251,67.666,68.122,68.54,68.927,69.287,69.638,69.917,70.454,70.924,71.365,71.768,72.143,72.484,73.014,73.514,73.961,74.356,74.722,75.064,75.553,75.994,76.391,75.718,75.659,77.403,77.6,77.777,
Madagascar,MDG,Africa,Sub-Saharan Africa,"Life expectancy at birth, female (years)",SP.DYN.LE00.FE.IN,44.652,45.084,45.455,45.924,46.319,46.722,47.369,47.801,48.37,48.686,49.263,49.553,49.695,50.139,50.587,50.877,51.098,51.274,51.356,51.471,51.375,51.316,51.6,51.565,51.641,51.879,52.203,52.807,53.266,53.597,53.86,54.228,54.585,55.359,55.853,56.471,57.062,57.61,58.213,58.769,59.162,59.85,60.346,60.941,61.46,61.997,62.511,62.926,63.49,63.811,64.148,64.449,64.625,64.789,64.91,64.984,65.047,65.05,65.102,65.142,64.576,64.256,64.801,65.377,65.601,
Mali,MLI,Africa,Sub-Saharan Africa,"Life expectancy at birth, female (years)",SP.DYN.LE00.FE.IN,31.594,31.758,32.017,32.178,32.362,32.689,32.935,33.321,33.744,34.048,34.576,34.969,35.698,36.301,36.933,37.495,38.04,38.697,39.36,40.068,40.861,41.622,42.466,43.552,44.237,44.794,45.391,45.974,46.327,46.63,46.769,47.033,47.412,47.717,48.25,48.678,48.917,49.576,50.167,50.651,50.87,51.673,52.477,53.211,53.956,54.544,55.089,55.578,56.072,56.46,56.893,57.305,57.715,58.146,58.525,58.914,59.302,59.671,60.064,60.424,60.316,60.406,61.527,61.9,62.15,
Mozambique,MOZ,Africa,Sub-Saharan Africa,"Life expectancy at birth, female (years)",SP.DYN.LE00.FE.IN,42.523,42.803,43.07,43.278,43.178,43.329,43.431,43.534,43.63,43.771,43.865,43.89,44.017,44.157,44.298,44.627,44.714,44.753,44.821,44.783,44.873,42.62,42.748,42.705,42.483,42.581,44.753,44.85,45.248,45.461,45.765,46.139,46.504,47.008,47.374,47.787,48.361,49.133,49.411,49.992,50.624,51.488,52.185,52.653,53.083,53.516,53.908,54.431,55.012,55.678,56.403,57.195,58.041,58.897,59.792,60.659,61.521,62.33,63.093,63.736,64.17,63.142,65.867,66.544,66.743,
Mauritania,MRT,Africa,Sub-Saharan Africa,"Life expectancy at birth, female (years)",SP.DYN.LE00.FE.IN,44.519,45.281,46.041,46.893,47.755,48.596,49.426,50.253,51.092,51.731,52.168,52.37,52.648,52.806,53.116,53.414,53.657,53.906,54.2,54.621,54.994,55.451,55.976,56.371,56.932,57.497,57.959,58.596,59.073,59.277,59.581,59.749,60.051,60.181,60.23,60.324,60.389,60.986,61.657,62.206,62.832,63.527,64.168,64.823,65.356,66.022,66.621,67.056,67.443,67.734,67.881,68.01,68.003,68.09,68.327,68.555,68.771,68.954,69.258,69.518,68.897,68.689,70.261,70.484,70.729,
Mauritius,MUS,Africa,Sub-Saharan Africa,"Life expectancy at birth, female (years)",SP.DYN.LE00.FE.IN,60.229,61.365,62.107,62.85,63.371,64.269,64.459,63.964,64.164,64.809,66.16,66.339,66.482,66.827,67.888,68.218,68.412,69.09,69.852,70.584,70.87,71.222,71.716,72.246,72.534,72.593,72.681,73.017,73.42,73.685,73.4,73.9,73.9,74,74,74.28,74.4,74.4,74.5,74.7,75.3,75.3,75.5,75.6,75.8,75.91,75.91,76.11,76.11,76.56,76.65,76.97,77.5,77.5,77.58,77.79,77.76,77.89,77.72,77.56,77.66,77.24,77.1,76.89,77.4,
Malawi,MWI,Africa,Sub-Saharan Africa,"Life expectancy at birth, female (years)",SP.DYN.LE00.FE.IN,36.582,36.782,36.989,37.148,37.218,37.286,37.383,37.53,37.616,37.816,38.148,38.464,39.015,39.797,40.644,41.645,42.717,43.805,44.967,45.692,46.377,46.76,46.814,46.931,46.757,46.483,46.154,45.671,45.209,45.096,45.067,44.983,44.987,44.921,45.044,44.997,45.283,45.592,45.801,46.618,47.762,48.742,49.755,51.317,52.781,54.275,55.434,56.34,57.433,58.57,59.898,61.178,62.369,63.557,64.501,65.244,66.201,67.064,67.918,68.428,68.813,68.246,69.379,70.562,70.773,
Namibia,NAM,Africa,Sub-Saharan Africa,"Life expectancy at birth, female (years)",SP.DYN.LE00.FE.IN,50.504,51.243,51.942,52.576,53.239,53.866,54.453,55.045,55.683,56.248,56.815,57.472,58.062,58.694,59.308,60.077,60.637,61.319,61.98,62.5,62.645,63.066,63.49,63.621,63.846,64.09,64.258,64.516,64.296,64.582,64.32,63.741,62.982,62.064,60.883,59.75,58.652,57.607,56.42,55.746,54.502,53.612,53.638,53.506,53.893,54.288,55.226,56.343,57.296,57.85,58.672,59.438,60.728,61.478,62.269,63.105,64.091,65.099,66.183,67.299,68.035,64.551,68.072,71.337,71.477,
Niger,NER,Africa,Sub-Saharan Africa,"Life expectancy at birth, female (years)",SP.DYN.LE00.FE.IN,36.584,36.725,36.747,36.873,36.911,36.87,36.774,36.684,36.568,36.462,36.436,35.806,36.395,36.609,36.957,37.366,37.812,38.333,38.876,39.441,39.803,39.869,39.983,40.016,39.977,40.084,40.188,40.427,40.803,41.269,41.854,42.542,43.361,44.172,45.004,45.866,46.668,47.456,48.158,48.804,49.475,50.171,50.934,51.869,52.734,53.699,54.643,55.539,56.375,56.997,57.615,58.2,58.612,59.042,59.445,59.731,60.106,60.409,60.658,60.947,61.018,60.523,61.344,62.129,62.405,
Nigeria,NGA,Africa,Sub-Saharan Africa,"Life expectancy at birth, female (years)",SP.DYN.LE00.FE.IN,39.35,39.597,39.732,39.94,40.137,40.381,40.459,40.057,41.046,41.27,41.69,42.299,43.075,43.72,44.457,45.169,45.669,46.325,46.887,47.327,47.62,48.016,48.185,48.138,48.022,47.851,47.481,47.362,47.303,47.277,47.128,46.96,47.042,47.375,47.338,47.398,47.265,47.245,47.188,47.541,48.038,48.231,48.539,49.063,49.51,50.078,50.419,50.921,51.194,51.568,51.768,51.861,52.018,52.178,52.306,52.243,52.429,52.639,52.914,53.24,53.432,53.741,54.375,54.743,54.939,
Rwanda,RWA,Africa,Sub-Saharan Africa,"Life expectancy at birth, female (years)",SP.DYN.LE00.FE.IN,47.541,47.979,48.334,45.092,48.685,48.728,48.616,48.493,48.274,47.981,47.614,47.196,46.751,46.277,45.869,45.645,45.707,46.082,46.809,47.892,49.073,50.322,51.425,52.295,52.885,53.211,53.251,53.023,52.44,51.573,50.344,49.052,47.253,45.528,13.325,43.728,44.24,44.274,45.371,47.085,48.997,50.888,52.465,54.663,56.793,58.444,59.976,61.272,62.586,63.727,64.476,65.264,65.938,66.51,67.031,67.386,67.756,68.245,68.421,68.809,69.063,68.922,69.625,69.886,70.138,
Sudan,SDN,Africa,Sub-Saharan Africa,"Life expectancy at birth, female (years)",SP.DYN.LE00.FE.IN,50.474,50.855,51.231,51.934,52.051,52.304,52.621,52.903,53.207,53.498,53.763,54.01,54.316,54.529,54.692,54.814,54.866,54.995,54.875,55.115,56.166,56.652,56.439,52.068,52.403,52.699,57.522,57.759,58.146,58.062,58.69,58.341,58.501,58.667,59.673,60.295,60.561,60.91,61.194,61.148,61.437,61.911,62.265,61.708,60.791,61.071,63.4,64.205,64.219,65.366,65.659,65.924,66.235,66.566,66.961,67.342,67.678,68.024,68.381,68.642,68.153,67.354,68.569,69.626,69.825,
Senegal,SEN,Africa,Sub-Saharan Africa,"Life expectancy at birth, female (years)",SP.DYN.LE00.FE.IN,40.178,40.223,40.242,40.244,40.248,40.246,40.345,40.472,40.642,40.882,41.288,41.775,42.364,43.115,43.725,44.613,45.558,46.521,47.447,48.451,49.339,50.212,51.033,52.055,53.06,54.017,55.249,56.242,57.115,57.933,58.358,58.719,58.971,59.05,59.121,58.893,58.543,58.55,58.489,58.616,59.122,59.736,60.603,61.209,61.995,62.591,63.465,64.31,64.929,65.724,66.18,66.818,67.253,67.664,67.976,68.336,68.543,68.895,69.243,69.574,69.693,68.981,69.881,70.754,71.012,
Sierra Leone,SLE,Africa,Sub-Saharan Africa,"Life expectancy at birth, female (years)",SP.DYN.LE00.FE.IN,34.639,35.178,35.686,36.173,36.741,37.33,37.919,38.525,39.012,39.444,39.909,40.468,40.97,41.509,42.104,42.69,43.146,43.542,43.934,44.272,44.574,44.8,45.001,45.13,45.196,45.137,45.033,45.242,45.228,45.163,45.105,44.822,44.978,44.946,44.447,44.38,44.907,45.048,44.799,45.521,46.008,46.612,47.133,47.704,48.382,49.18,50.488,51.029,51.681,52.304,52.891,53.503,54.086,54.954,55.13,56.338,57.857,58.804,60.251,60.871,61.202,61.736,63.019,63.502,63.695,
"Somalia, Fed. Rep.",SOM,Africa,Sub-Saharan Africa,"Life expectancy at birth, female (years)",SP.DYN.LE00.FE.IN,45.015,45.151,45.464,45.686,45.884,46.122,46.335,46.543,46.747,46.946,47.137,47.33,47.525,47.717,45.711,45.943,46.178,48.492,48.67,48.888,49.091,49.292,49.496,49.701,49.905,49.72,49.888,50.486,48.776,50.881,51.185,27.335,26.254,52.063,51.807,52.231,52.099,51.767,52.221,52.092,52.179,52.267,52.255,52.232,52.233,52.42,52.555,52.601,53.194,53.734,50.797,33.651,51.019,55.964,56.557,57.135,57.554,54.275,56.911,59.31,59.176,57.752,56.159,61.388,61.551,
South Sudan,SSD,Africa,Sub-Saharan Africa,"Life expectancy at birth, female (years)",SP.DYN.LE00.FE.IN,30.397,30.579,30.715,31.773,34.843,32.173,29.696,29.875,30.061,29.483,29.674,33.853,34.082,37.388,37.579,37.77,37.913,38.277,38.322,38.435,38.546,38.775,39.133,35.77,33.245,33.931,34.504,22.857,11.274,30.479,31.008,31.67,24.337,24.759,46.521,33.952,34.474,35.318,20.677,45.775,48.542,49.512,50.269,52.808,53.496,54.473,55.327,56.177,57.159,57.814,58.546,58.991,59.497,59.711,48.807,42.868,39.993,38.675,54.673,60.474,60.46,59.726,60.131,60.627,60.749,
Sao Tome and Principe,STP,Africa,Sub-Saharan Africa,"Life expectancy at birth, female (years)",SP.DYN.LE00.FE.IN,44.997,46.701,48.403,49.931,51.339,52.739,54.049,55.275,56.509,57.61,58.654,59.511,59.996,60.415,60.713,60.889,60.949,61.036,61.114,61.191,61.291,61.388,61.511,61.668,61.846,62.024,59.304,62.463,62.599,61.479,62.55,62.685,62.656,62.622,62.611,62.639,62.7,62.793,62.921,63.087,63.295,63.562,63.879,64.21,64.649,64.571,65.281,65.717,65.932,66.278,66.534,66.898,67.406,67.976,68.638,69.312,69.986,70.628,71.335,71.865,72.049,71.978,73.289,73.728,73.909,
Eswatini,SWZ,Africa,Sub-Saharan Africa,"Life expectancy at birth, female (years)",SP.DYN.LE00.FE.IN,47.815,48.198,48.629,48.942,49.399,49.95,50.539,51.09,51.686,52.273,52.879,53.479,54.011,54.602,55.256,55.978,56.65,57.53,58.368,59.147,59.893,60.498,61.227,60.131,62.139,62.922,63.437,63.898,64.055,63.882,63.421,62.623,61.431,60.11,58.499,56.739,54.761,53.104,51.407,50.133,48.852,47.597,46.915,45.984,44.972,45.096,46.08,46.681,46.971,48.006,49.697,50.439,52.527,54.106,55.606,57.201,58.704,60.197,61.391,62.541,62.79,61.392,65.859,66.953,67.106,
Seychelles,SYC,Africa,Sub-Saharan Africa,"Life expectancy at birth, female (years)",SP.DYN.LE00.FE.IN,63.096,63.247,63.406,63.803,64.245,64.641,64.835,65.087,65.545,66.027,66.607,67.237,68.042,68.82,69.512,70.096,70.606,71.089,71.536,71.932,73.9,72.8,74.6,75.3,73.6,76.1,72.6,73,72.8,73.4,74.1,76.5,76.9,75,75.8,79.5,77.4,77,76.1,78.2,77.9,79.4,75.8,76.1,76.4,77.1,75.7,77.6,78.9,78,77.5,78,79.5,76.5,78.3,78.7,80.2,78.5,77.4,78.4,82,75.6,78.3,78.8,80.7,
Chad,TCD,Africa,Sub-Saharan Africa,"Life expectancy at birth, female (years)",SP.DYN.LE00.FE.IN,40.6,40.854,41.081,41.408,41.682,41.843,42.392,42.7,43.061,43.373,43.794,43.255,44.329,44.435,44.658,44.915,45.21,45.423,45.664,45.907,46.191,46.287,46.775,47.388,47.733,47.887,48.571,48.34,48.617,48.893,48.799,48.606,48.706,48.667,48.615,48.869,48.911,49.169,49.064,49.164,49.166,49.368,49.45,49.645,49.77,49.866,49.942,50.365,50.543,50.816,51.096,51.426,51.754,52.069,52.307,52.548,52.828,53.266,53.903,54.583,54.893,54.983,56.471,57.014,57.193,
Togo,TGO,Africa,Sub-Saharan Africa,"Life expectancy at birth, female (years)",SP.DYN.LE00.FE.IN,45.103,45.301,45.548,45.819,46.156,46.449,46.765,47.186,47.629,47.974,48.435,48.877,49.372,49.83,50.361,50.827,51.275,51.785,52.364,52.901,53.411,54.063,54.573,55.144,55.551,55.882,56.218,56.422,56.517,56.201,55.965,55.556,55.168,54.841,54.561,54.509,54.587,54.586,54.681,55.074,55.295,55.403,55.644,55.879,56.179,56.508,56.603,56.79,57.001,57.263,57.547,57.895,58.252,58.641,59.044,59.498,59.904,60.394,60.782,61.204,61.445,61.589,62.476,62.923,63.151,
Tunisia,TUN,Africa,Middle East & North Africa,"Life expectancy at birth, female (years)",SP.DYN.LE00.FE.IN,45.084,45.769,46.572,47.407,48.263,49.199,50.163,51.175,52.354,53.361,54.933,56.193,57.481,58.555,59.694,60.759,61.752,62.732,63.676,64.556,65.351,66.071,66.724,67.431,68.066,68.677,69.262,69.881,70.41,70.872,71.224,71.572,71.877,72.214,72.624,73.109,73.604,74.038,74.435,74.737,75.032,75.281,75.547,75.79,76.011,76.203,76.379,76.531,76.679,76.801,76.902,76.953,77.059,77.153,77.263,77.406,77.588,77.798,78.007,78.259,77.745,75.82,78.712,79.149,79.332,
Tanzania,TZA,Africa,Sub-Saharan Africa,"Life expectancy at birth, female (years)",SP.DYN.LE00.FE.IN,43.986,44.191,44.514,44.893,45.287,45.685,46.085,46.511,47.081,47.561,48.106,48.629,49.126,49.692,50.258,50.792,51.434,52.01,52.471,52.849,53.478,54.021,54.396,54.64,54.533,54.467,54.367,54.207,54.087,53.888,53.75,53.528,53.11,52.803,52.558,52.419,52.412,52.428,52.851,53.378,54.329,55.316,56.16,57.232,58.207,59.099,60.076,60.907,61.597,62.151,62.904,63.42,64.228,64.784,65.596,66.237,66.844,67.57,68.251,68.916,69.961,69.093,69.625,69.775,69.999,
Uganda,UGA,Africa,Sub-Saharan Africa,"Life expectancy at birth, female (years)",SP.DYN.LE00.FE.IN,47.628,48.28,48.879,49.432,49.946,50.422,50.674,51.206,51.525,51.791,51.926,50.275,50.292,49.53,49.917,49.031,48.669,48.316,48.713,48.474,47.507,47.491,47.928,48.064,48.245,49.594,49.718,50.024,50.002,49.919,49.846,49.839,49.852,49.808,49.737,49.669,49.677,49.838,50.001,50.687,51.405,52.318,53.305,54.338,55.599,56.853,58.042,59.16,60.202,61.194,62.081,62.91,63.797,64.669,65.516,66.335,67.102,67.823,68.473,69.13,69.43,69.235,70.544,71.116,71.365,
South Africa,ZAF,Africa,Sub-Saharan Africa,"Life expectancy at birth, female (years)",SP.DYN.LE00.FE.IN,54.578,55.218,55.679,56.046,56.363,56.596,56.924,57.2,57.483,57.774,58.078,58.425,58.73,59.047,59.443,59.893,60.406,61.016,61.565,62.12,62.73,63.257,63.826,64.356,64.924,65.466,65.887,66.21,66.626,66.832,66.891,66.966,66.807,66.504,65.986,65.158,64.462,63.657,62.897,62.047,61.082,59.491,57.703,56.266,55.754,55.465,55.926,56.887,58.146,59.69,61.237,63.139,64.427,65.244,66.184,67.027,67.916,68.58,68.906,69.216,67.948,64.772,69.037,69.599,69.792,
Zambia,ZMB,Africa,Sub-Saharan Africa,"Life expectancy at birth, female (years)",SP.DYN.LE00.FE.IN,51.708,52.075,52.393,52.638,52.493,53.196,53.417,53.673,53.886,54.236,54.569,55.066,55.579,56.065,56.558,56.96,57.402,57.675,57.757,57.653,57.131,56.671,56.111,55.334,54.576,53.687,52.754,51.928,51.059,50.204,49.41,48.602,48.1,47.836,47.4,47.096,46.718,46.682,46.541,46.657,47.295,48.105,49.145,50.419,51.097,52.115,53.346,54.47,55.855,56.933,58.195,59.388,60.344,61.161,62.03,62.83,63.259,63.863,64.533,65.44,65.953,64.925,67.717,68.673,68.874,
Zimbabwe,ZWE,Africa,Sub-Saharan Africa,"Life expectancy at birth, female (years)",SP.DYN.LE00.FE.IN,55.963,56.47,56.993,57.519,58.042,58.548,59.033,59.475,59.893,60.191,60.467,60.708,60.892,61.023,61.143,61.223,61.252,61.29,61.166,61.278,62.153,62.522,62.985,63.262,63.91,64.323,64.492,64.315,63.836,62.949,61.569,60.052,58.353,56.467,54.78,53.194,51.135,50.13,49.159,47.811,47.298,45.127,46.793,45.834,46.507,47.005,47.351,47.641,48.749,50.289,52.655,55.218,56.609,58.171,59.508,60.49,61.401,62.016,62.741,63.049,63.747,62.289,64.544,65.013,65.313,
American Samoa,ASM,Oceania,East Asia & Pacific,"Life expectancy at birth, female (years)",SP.DYN.LE00.FE.IN,67.107,67.916,68.427,68.567,68.454,68.211,58.583,68.019,68.128,68.465,69.02,69.696,70.294,70.698,71.04,71.331,71.59,71.822,72.031,72.24,72.538,72.875,73.07,73.187,73.275,73.511,73.887,74.291,74.663,74.852,75.242,75.551,75.784,75.662,75.554,75.422,75.322,75.246,74.89,74.591,74.351,74.483,74.657,74.59,75.125,75.125,75.043,74.947,75.03,73.123,75.199,75.286,75.372,75.418,75.296,75.268,75.305,75.588,75.687,75.723,75.682,75.73,75.794,75.838,75.994,
Australia,AUS,Oceania,East Asia & Pacific,"Life expectancy at birth, female (years)",SP.DYN.LE00.FE.IN,74,74.2,74.2,74.2,74.2,74.2,74.2,74.26,74.32,74.38,74.44,74.5,74.92,75.34,75.76,76.18,76.6,76.94,77.28,77.62,77.96,78.3,78.48,78.66,78.84,79.02,79.2,79.44,79.68,79.92,80.16,80.4,80.4,80.9,80.9,80.8,81.1,81.4,81.5,81.8,82,82.4,82.6,82.8,83,83.3,83.5,83.7,83.7,83.9,84,84.2,84.3,84.3,84.4,84.5,84.6,84.6,84.9,85,85.3,85.4,85.3,85.1,85.1,
Fiji,FJI,Oceania,East Asia & Pacific,"Life expectancy at birth, female (years)",SP.DYN.LE00.FE.IN,60.589,61.402,62.142,62.789,63.444,63.41,64.787,64.214,64.689,64.108,65.002,65.139,65.102,63.617,64.629,65.629,65.636,66.273,66.631,65.415,65.772,65.115,65.039,66.023,66.407,66.506,66.882,67.169,67.681,67.854,67.613,67.841,68.019,68.112,68.4,68.567,68.704,68.729,68.973,69.221,68.66,68.627,67.869,67.902,68.007,68.245,68.359,68.364,68.446,68.564,68.928,69.096,68.222,68.593,69.066,69.003,68.602,69.313,69.014,68.992,69.322,66.931,69.239,69.362,69.541,
"Micronesia, Fed. Sts.",FSM,Oceania,East Asia & Pacific,"Life expectancy at birth, female (years)",SP.DYN.LE00.FE.IN,57.66,58.282,58.948,59.547,60.381,60.893,61.43,62.034,62.57,63.07,63.551,63.959,64.419,64.769,65.159,65.466,65.73,65.939,66.105,66.224,66.265,66.362,66.402,66.449,66.504,66.576,66.661,66.61,66.875,67.021,67.075,67.245,67.33,67.411,67.538,67.598,67.648,67.732,67.849,67.932,67.541,68.029,66.797,68.095,68.049,68.047,68.009,67.978,67.96,67.96,67.957,68.029,68.098,68.18,68.279,68.255,68.588,68.84,69.151,69.548,69.659,69.792,70.738,71.119,71.277,
Guam,GUM,Oceania,East Asia & Pacific,"Life expectancy at birth, female (years)",SP.DYN.LE00.FE.IN,64.721,65.015,65.053,65.594,65.946,66.361,66.904,67.546,68.256,68.909,69.436,69.759,70.287,70.807,71.464,71.855,71.939,72.677,73.099,73.521,73.944,74.388,74.829,75.268,75.594,76.179,76.501,76.776,76.624,76.725,76.561,76.562,76.55,77.007,77.429,77.621,77.8,77.939,78.008,77.86,77.853,78.064,78.364,78.656,78.914,79.292,79.471,79.51,79.549,79.646,79.846,80.099,80.335,80.524,80.68,80.73,80.715,80.714,80.824,80.892,80.254,79.524,81.356,81.419,81.589,
,,,,,,,,,,,,,,,,,,,,,,,,,,,,,,,,,,,,,,,,,,,,,,,,,,,,,,,,,,,,,,,,,,,,,,,
Indonesia,IDN,Oceania,East Asia & Pacific,"Life expectancy at birth, female (years)",SP.DYN.LE00.FE.IN,48.602,49.16,49.826,50.466,51.262,47.05,50.693,53.519,54.185,54.863,55.608,56.234,56.801,57.339,57.894,58.459,58.925,59.507,59.923,60.391,60.821,61.134,61.732,62.383,62.882,63.34,63.699,64.064,64.291,64.83,65.087,65.457,65.93,66.661,66.733,66.869,67.097,67.407,67.635,67.683,67.98,68.269,68.682,68.827,66.94,69.264,69.394,69.687,69.87,70.032,70.152,70.463,70.721,70.971,71.238,71.46,71.692,71.945,72.113,72.389,71.097,69.437,72.981,73.268,73.434,
Kiribati,KIR,Oceania,East Asia & Pacific,"Life expectancy at birth, female (years)",SP.DYN.LE00.FE.IN,49.295,49.824,50.423,51.065,51.726,52.39,53.118,53.842,54.524,55.175,55.831,56.404,56.776,57.288,57.615,57.901,58.131,57.604,58.504,58.688,58.885,59.104,59.35,59.625,59.927,60.314,60.746,61.203,61.679,62.158,62.64,63.154,63.624,64.047,64.423,64.759,65.081,65.432,65.756,66.055,66.323,66.556,66.751,66.908,67.03,67.126,67.205,67.274,67.338,67.396,67.442,67.473,67.484,67.476,67.454,67.426,67.406,67.407,67.436,67.498,67.129,65.773,67.896,68.17,68.324,
Marshall Islands,MHL,Oceania,East Asia & Pacific,"Life expectancy at birth, female (years)",SP.DYN.LE00.FE.IN,58.228,58.724,59.217,59.733,60.267,60.753,61.277,61.776,62.299,62.736,63.132,63.49,63.751,64.046,64.248,64.362,64.488,64.647,64.778,64.931,65.097,65.273,65.446,65.611,65.73,65.789,65.782,65.698,65.546,65.368,65.192,65.051,64.968,64.996,65.067,65.195,65.432,65.715,65.999,66.277,66.176,66.582,66.622,66.624,66.604,66.571,66.55,66.514,66.557,66.637,66.746,66.913,67.064,67.227,67.376,67.596,67.799,68.01,68.227,68.448,68.086,67.841,69.115,69.334,69.476,
Northern Mariana Islands,MNP,Oceania,East Asia & Pacific,"Life expectancy at birth, female (years)",SP.DYN.LE00.FE.IN,64.617,64.868,65.166,65.533,65.835,66.249,66.656,67.084,67.517,67.935,68.344,68.757,69.217,69.672,70.197,70.719,71.172,71.604,71.776,71.877,71.86,71.812,71.746,71.585,71.536,71.468,71.396,71.418,71.529,71.837,72.382,73.087,73.919,74.79,75.612,76.364,77.056,77.446,77.732,77.837,77.788,77.655,77.873,78.299,78.51,79.131,79.561,79.78,79.909,79.912,79.815,79.725,79.614,79.512,79.444,79.408,79.429,79.506,79.474,79.817,79.997,80.103,80.472,80.74,80.867,
New Caledonia,NCL,Oceania,East Asia & Pacific,"Life expectancy at birth, female (years)",SP.DYN.LE00.FE.IN,56.878,57.599,58.327,59.065,59.815,60.577,61.351,62.124,62.879,63.607,64.299,64.95,65.488,66.135,66.682,67.206,67.709,68.196,68.669,69.131,69.585,69.948,70.486,70.929,71.355,71.755,72.12,72.444,72.731,73,73.268,73.556,73.882,74.255,74.66,75.081,75.499,75.899,76.268,76.603,76.903,77.17,77.405,77.576,77.796,77.976,78.165,78.377,78.624,78.909,79.208,79.497,79.754,79.957,80.091,80.174,80.231,80.287,80.368,80.498,79.53,80.314,80.365,81.286,81.409,
Naoero,NRU,Oceania,East Asia & Pacific,"Life expectancy at birth, female (years)",SP.DYN.LE00.FE.IN,60.53,60.813,60.813,60.878,60.969,61.125,61.389,62.124,62.159,62.277,62.376,62.503,62.636,62.715,62.766,62.824,62.958,63.03,63.121,63.156,63.175,63.179,63.072,62.889,62.669,62.524,62.418,62.393,62.444,62.616,62.823,63.016,63.296,63.496,63.631,63.685,63.655,63.57,63.455,63.324,63.203,63.101,63.013,62.931,62.866,62.849,62.905,63.001,63.165,63.338,63.563,63.776,63.978,64.093,64.149,64.171,64.165,64.128,64.093,64.05,64.025,63.417,64.005,64.003,64.187,
New Zealand,NZL,Oceania,East Asia & Pacific,"Life expectancy at birth, female (years)",SP.DYN.LE00.FE.IN,73.9,73.7,74.1,74.2,74.3,74.3,74.3,74.7,74.3,74.7,74.5,75,74.8,75.1,75.1,75.6,75.7,75.6,76.4,76.5,75.8,76.9,76.9,76.9,77.7,76.8,77.4,77.2,77.6,78,78.4,78.9,79.3,79.2,79.7,79.5,79.4,80.1,80.8,80.4,81.3,81.1,81.1,81.4,81.7,81.9,82.2,82.2,82.4,82.7,82.8,83,83.2,83.3,83.27,83.4,83.4,83.6,83.5,83.9,84.1,84,83.7,83.5,83.7,
Palau,PLW,Oceania,East Asia & Pacific,"Life expectancy at birth, female (years)",SP.DYN.LE00.FE.IN,59.724,59.985,60.342,60.511,60.734,61.014,61.33,61.69,62.134,62.575,63.059,63.58,64.122,64.68,65.234,65.785,66.312,66.81,67.295,67.683,68.092,68.399,68.702,68.999,69.227,69.419,69.556,69.637,69.623,69.567,69.474,69.331,69.148,68.966,68.812,68.71,68.692,68.787,68.921,69.171,69.42,69.659,69.861,70.09,70.297,70.535,70.826,71.153,71.512,71.891,72.18,72.417,72.586,72.618,72.666,72.604,72.497,72.37,72.192,72.041,71.926,71.348,71.577,71.798,71.943,
Papua New Guinea,PNG,Oceania,East Asia & Pacific,"Life expectancy at birth, female (years)",SP.DYN.LE00.FE.IN,48.135,48.733,49.019,50.017,50.664,51.327,51.994,52.729,53.388,54.029,54.651,55.195,55.824,56.394,56.959,57.512,58.047,58.605,59.102,59.554,59.985,60.375,60.722,60.948,61.267,61.507,61.721,61.964,62.088,62.313,62.478,62.521,62.833,62.984,63.2,63.378,63.489,63.603,62.514,63.74,63.803,63.867,63.837,63.925,63.981,64.023,64.189,64.344,64.732,65.076,65.467,65.941,66.338,66.762,67.135,67.516,67.769,68.011,68.167,68.43,68.368,67.449,68.284,69.085,69.211,
French Polynesia,PYF,Oceania,East Asia & Pacific,"Life expectancy at birth, female (years)",SP.DYN.LE00.FE.IN,60.922,61.332,61.691,62.014,62.314,62.606,62.917,63.212,63.491,63.757,64.015,64.275,64.548,64.845,65.222,65.686,66.198,66.751,67.334,68.079,68.857,69.59,70.378,71.124,72.001,72.674,73.513,73.998,74.679,75.126,75.676,76.155,76.604,77.051,77.53,78.312,79.071,79.766,80.254,81.093,81.566,81.907,82.146,82.319,82.459,82.616,82.813,83.043,83.305,83.587,83.856,84.151,84.405,84.63,84.827,84.998,85.195,85.386,85.572,85.759,85.448,82.116,86.324,86.505,86.624,
Solomon Islands,SLB,Oceania,East Asia & Pacific,"Life expectancy at birth, female (years)",SP.DYN.LE00.FE.IN,49.929,50.414,51.129,51.856,52.583,53.373,54.194,54.927,55.975,56.881,57.767,58.718,59.625,60.525,61.382,59.855,63.02,63.388,64.543,65.254,65.87,66.294,66.734,67.1,67.411,67.736,66.953,68.177,68.366,68.555,68.673,68.841,68.983,69.088,69.247,69.353,69.438,69.53,69.608,69.68,69.746,69.811,69.876,69.952,70.026,70.133,70.244,70.064,70.49,70.501,70.687,70.774,70.816,70.771,70.705,70.907,71.026,71.118,71.231,71.362,70.977,70.302,71.814,71.982,72.176,
Tonga,TON,Oceania,East Asia & Pacific,"Life expectancy at birth, female (years)",SP.DYN.LE00.FE.IN,61.1,61.483,62.004,62.448,62.901,63.309,63.8,64.251,64.728,65.255,65.805,66.362,66.93,67.325,67.824,68.218,68.515,68.752,69.028,69.266,69.492,69.741,69.704,70.15,70.338,70.5,70.698,70.878,71.075,71.238,71.399,71.637,71.852,72.146,72.385,72.634,72.859,73.073,73.277,73.472,73.671,73.792,74.036,74.226,74.404,74.469,74.614,74.774,74.914,74.777,75.166,75.267,75.361,75.448,75.494,75.623,75.701,75.784,75.873,75.965,76.077,75.693,76.176,76.405,76.543,
Tuvalu,TUV,Oceania,East Asia & Pacific,"Life expectancy at birth, female (years)",SP.DYN.LE00.FE.IN,50.889,51.66,52.417,53.236,53.98,54.726,55.45,56.114,56.815,57.508,58.181,58.888,57.156,60.189,60.596,61.102,61.597,61.998,62.349,62.611,62.941,63.166,63.457,63.682,63.824,63.978,64.073,64.156,64.202,64.331,64.424,64.568,62.858,64.795,64.935,65.08,65.255,65.467,65.615,65.795,65.965,66.161,66.334,66.452,66.593,66.763,66.939,67.132,67.325,67.547,67.787,68.007,68.248,68.436,68.644,68.876,69.084,69.273,69.511,69.735,69.96,69.601,70.412,70.698,70.86,
Vanuatu,VUT,Oceania,East Asia & Pacific,"Life expectancy at birth, female (years)",SP.DYN.LE00.FE.IN,50.953,51.501,52.082,52.683,53.365,53.981,54.599,55.216,55.81,56.331,56.912,57.502,58.028,58.708,59.29,59.894,60.467,61.131,61.91,63.076,63.761,64.436,65.108,65.799,66.426,66.942,67.771,67.373,68.904,69.264,69.969,70.389,70.712,70.943,71.253,71.281,71.299,71.237,71.212,70.493,71.278,71.332,71.415,71.438,71.425,71.624,71.715,71.92,72.156,72.293,72.455,72.604,72.786,72.819,72.77,72.851,73.004,73.017,73.147,73.292,73.245,72.43,73.761,73.927,74.113,
Samoa,WSM,Oceania,East Asia & Pacific,"Life expectancy at birth, female (years)",SP.DYN.LE00.FE.IN,57.588,58.181,58.806,59.355,55.612,60.41,60.7,61.45,61.982,62.51,63.051,63.587,64.075,64.644,65.165,65.666,66.166,66.644,67.105,67.54,67.958,68.351,68.751,69.105,69.444,69.764,70.072,70.363,70.642,70.918,71.036,71.243,71.781,72.094,72.431,72.739,73.026,73.285,73.52,73.74,73.941,74.141,74.302,74.479,74.477,74.415,74.539,74.482,74.313,71.846,74.118,73.967,73.581,73.598,73.404,73.231,73.092,73.014,73.028,72.195,72.881,73.016,73.486,73.662,73.822,